stim_id,utt_id,canonical_text,substituted_text,word_index,original_word,substituted_word,rule,phone_index,clean_word_start,clean_word_end,sub_word_start,sub_word_end,dist_made,distortion_type,dist_word_start,dist_word_end
B0000,020140036,TWO ONE SIX ONE,TWO ONE SIX WIN,3,ONE,WIN,AH->IH,1,0.669,1.115,0.627,1.091,yes,stretch_2.0x,0.669,1.552
B0001,001030099,PETER HAS A BEAUTIFUL HAT,PETER HAS A BEAUTIFUL HATE,4,HAT,HATE,AE->EY,1,1.016,1.463,1.034,1.44,yes,stretch_2.0x,1.016,1.902
B0002,096120014,THIS WAS THE PLACE ALL RIGHT,THUS WAS THE PLACE ALL RIGHT,0,THIS,THUS,IH->AH,1,0.0,0.182,0.0,0.243,yes,stretch_2.0x,0.0,0.356
B0003,096450014,NOT THAT THERE'S ANYTHING WRONG WITH YOUR THING,NOT THAT THERE'S ANYTHING LONG WITH YOUR THING,4,WRONG,LONG,R->L,0,1.007,1.229,1.01,1.192,yes,stretch_1.6x,1.007,1.346
B0004,013360171,I HOPE YOU WILL HAVE THE BEST BIRTHDAY,I HOPE YOU WILL HAVE THE BASED BIRTHDAY,6,BEST,BASED,EH->EY,1,0.869,1.072,0.888,1.131,yes,stretch_1.6x,0.869,1.178
B0005,096430004,NO SUCH LUCK GRACED HER HOWEVER,NO SUCH LOCK GRACED HER HOWEVER,2,LUCK,LOCK,AH->AA,1,0.624,0.805,0.607,0.809,yes,stretch_2.0x,0.624,0.97
B0006,096450004,HE NEVER SHUT HIS EYES,HE NEVER SHOT HIS EYES,2,SHUT,SHOT,AH->AA,1,0.468,0.652,0.442,0.664,yes,stretch_1.6x,0.468,0.746
B0007,001490077,LILLY LIKES LIKES YOUR RED GLOVES,LILLY LIKES LIKES YOUR LEAD GLOVES,4,RED,LEAD,R->L,0,1.152,1.333,1.094,1.276,yes,stretch_1.6x,1.152,1.426
B0008,030600099,TAKE CAR OF MY HAIR,TAKE CAR OF MY SHARE,4,HAIR,SHARE,HH->SH,0,0.689,1.115,0.726,1.231,yes,stretch_2.0x,0.689,1.532
B0009,020890215,UNTIL YOU SIT AND LISTEN TO IT,UNTIL YOU SIT AND LESSON TO IT,4,LISTEN,LESSON,IH->EH,1,1.046,1.308,1.132,1.435,yes,stretch_2.0x,1.046,1.554
B0010,096450013,AND WHEN THEY GET WHAT THEY WANT THEY WANT MORE,AND ONE THEY GET WHAT THEY WANT THEY WANT MORE,1,WHEN,ONE,EH->AH,1,0.242,0.364,0.281,0.381,yes,stretch_1.6x,0.242,0.421
B0011,023270319,I WANT YOUR GOOD NOTHING SO MUCH AS THAT,I WANT YOUR GOOD NOTHING SO MATCH AS THAT,6,MUCH,MATCH,AH->AE,1,1.21,1.351,1.19,1.392,yes,stretch_1.6x,1.21,1.42
B0012,010270198,SOME OF US ARE NOT HERE TO BE LOVED,SOME OF US ARE NOT HERE TO BE LIVED,8,LOVED,LIVED,AH->IH,1,1.405,1.846,1.377,1.823,yes,stretch_1.6x,1.405,2.103
B0013,012600017,A NEW TRACK IS PLANNED FOR THE FUTURE,A NEW TRUCK IS PLANNED FOR THE FUTURE,2,TRACK,TRUCK,AE->AH,2,0.384,0.627,0.383,0.625,yes,stretch_2.0x,0.384,0.854
B0014,090340164,HAVE YOU HAD SIGHT OF ANYTHING,HAVE YOU HAD SIT OF ANYTHING,3,SIGHT,SIT,AY->IH,1,0.484,0.726,0.506,0.668,yes,stretch_2.0x,0.484,0.952
B0015,022440361,BUT ONLY IF SHE COULD HANDLE THE HEAT,BUT ONLY IF SHE COULD HANDLE THE SHEET,7,HEAT,SHEET,HH->SH,0,1.217,1.602,1.235,1.66,yes,stretch_1.6x,1.217,1.825
B0016,060990034,LOVE HIM HE DID NO AND COULD NOT,LOVE HIM HE DEAD NO AND COULD NOT,3,DID,DEAD,IH->EH,1,0.604,0.704,0.603,0.744,yes,stretch_1.6x,0.604,0.748
B0017,020300173,AS MANY AS TWELVE,AS MINI AS TWELVE,1,MANY,MINI,EH->IH,1,0.264,0.467,0.284,0.487,yes,stretch_1.6x,0.264,0.573
B0018,030120021,WELL THAT'S IS GOODS,WELL THAT'S IS GODS,3,GOODS,GODS,UH->AA,1,0.708,1.254,0.663,1.266,yes,stretch_1.6x,0.708,1.573
B0019,001140049,SIX ZERO FOUR SIX,SUCKS ZERO FOUR SIX,0,SIX,SUCKS,IH->AH,1,0.0,0.183,0.0,0.244,yes,stretch_1.6x,0.0,0.285
B0020,060480005,FOR THESE HE TOOK THE MONEY,FOR THESE HE TOOK THE MINI,5,MONEY,MINI,AH->IH,1,0.79,1.196,1.077,1.138,yes,stretch_1.6x,0.79,1.431
B0021,030880086,I DO NOT KNOW WHERE,I DO NOT KNOW WELL,4,WHERE,WELL,R->L,2,0.608,1.033,0.632,1.08,yes,stretch_1.6x,0.608,1.28
B0022,007390070,IT'S ABOUT WHAT KIND OF LIVES AMERICAN PEOPLE WILL LEAD,IT'S ABOUT WHAT KIND OF LIVES AMERICAN PEOPLE WILL LAID,9,LEAD,LAID,EH->EY,1,2.471,2.833,2.436,2.798,yes,stretch_1.6x,2.471,3.042
B0023,012030083,BET LIKES YOUR BLUE JAZZ,BIT LIKES YOUR BLUE JAZZ,0,BET,BIT,EH->IH,1,0.0,0.162,0.0,0.163,yes,stretch_2.0x,0.0,0.316
B0024,020610174,HOPE IT'S JUST A EUROPE ISSUE,HOP IT'S JUST A EUROPE ISSUE,0,HOPE,HOP,OW->AA,1,0.0,0.223,0.0,0.182,yes,stretch_2.0x,0.0,0.438
B0025,060100128,SOME OF THE MEN WHERE TALKING AWAY THE TABLES,SOME OF THE MIN WHERE TALKING AWAY THE TABLES,3,MEN,MIN,EH->IH,1,0.321,0.441,0.322,0.462,yes,stretch_2.0x,0.321,0.545
B0026,050170113,I WASH I COULD GET WELL FASTER,I WASH I COULD GET WELL FOSTER,6,FASTER,FOSTER,AE->AA,1,1.289,1.974,1.315,1.962,yes,stretch_1.6x,1.289,2.377
B0027,020160264,NICE END TO TODAY,NICE AND TO TODAY,1,END,AND,EH->AH,0,0.367,0.468,0.383,0.484,yes,stretch_1.6x,0.367,0.513
B0028,000540106,LINDA CAN SEE THE SUN BOY,LINDA CAN SEE THE SIN BOY,4,SUN,SIN,AH->IH,1,0.872,1.075,0.87,1.073,yes,stretch_2.0x,0.872,1.262
B0029,004820378,I SHALL NEVER FORGIVE MYSELF FOR THIS EXPOSURE,I SHALL NEVER FORGIVE MYSELF FALL THIS EXPOSURE,5,FOR,FALL,R->L,2,1.569,1.65,1.609,1.85,yes,stretch_2.0x,1.569,1.715
B0030,054320061,HE NOW HAD BOTH EYES WIDE OPEN,HE NOW HAD BOTH EYES WHITE OPEN,5,WIDE,WHITE,D->T,2,1.188,1.43,1.291,1.513,yes,stretch_1.6x,1.188,1.559
B0031,060990029,IN THE EVENING I WENT AGAIN WHEN I SAW HIM,IN THE EVENING I WENT AGAIN ONE I SAW HIM,6,WHEN,ONE,EH->AH,1,1.327,1.468,1.268,1.409,yes,stretch_1.6x,1.327,1.537
B0032,009600287,I KNOW I AM GOING TO BED,I KNOW I AM GOING TO BID,6,BED,BID,EH->IH,1,1.032,1.416,1.01,1.393,yes,stretch_2.0x,1.032,1.792
B0033,011860373,LEGAL PROTECTION IS A MUST,LEGAL PROTECTION IS A MOST,4,MUST,MOST,AH->OW,1,1.055,1.521,1.069,1.533,yes,stretch_2.0x,1.055,1.979
B0034,080680170,BECAUSE HIS SON WAS GOING TO BE KILLED,BECAUSE HIS SAN WAS GOING TO BE KILLED,2,SON,SAN,AH->AE,1,0.486,0.668,0.485,0.646,yes,stretch_2.0x,0.486,0.834
B0035,096140011,YOU COULD ALWAYS TELL WHAT WAS ON MY MIND,YOU COULD ALWAYS DEL WHAT WAS ON MY MIND,3,TELL,DEL,T->D,0,0.702,0.923,0.686,0.908,yes,stretch_1.6x,0.702,1.04
B0036,020270001,SO TIM WENT TO FIND THE CAT,SO TIM WENT TO FIND THE KATE,6,CAT,KATE,AE->EY,1,1.231,1.695,1.229,1.672,yes,stretch_2.0x,1.231,2.151
B0037,020220021,FRIENDS PLANNED TO VISIT LATER IN THE AFTERNOON,FRIENDS PLANT TO VISIT LATER IN THE AFTERNOON,1,PLANNED,PLANT,D->T,4,0.361,0.722,0.381,0.641,yes,stretch_2.0x,0.361,1.067
B0038,096110018,THIS WAS GOING TO BE A GOOD FIGHT,THIS WAS GOING TO BE A GOOD FIT,7,FIGHT,FIT,AY->IH,1,1.206,1.649,1.21,1.614,yes,stretch_1.6x,1.206,1.906
B0039,020270077,TIM WAS WALKING TO T V ROOM,TERM WAS WALKING TO T V ROOM,0,TIM,TERM,IH->ER,1,0.0,0.203,0.0,0.202,yes,stretch_2.0x,0.0,0.398
B0040,010610087,BILLY NEEDS NEW CAP,BILLY NEEDS NEW CUP,3,CAP,CUP,AE->AH,1,0.872,1.358,1.202,1.242,yes,stretch_1.6x,0.872,1.642
B0041,005670282,THIS WILL BE A WILD RIDE TO THE FINISH,THIS WILL BE A WILD RID TO THE FINISH,5,RIDE,RID,AY->IH,1,1.144,1.404,1.127,1.288,yes,stretch_1.6x,1.144,1.544
B0042,080680106,COME DEAR PUT ON YOUR HAT,COME DEAR PUT ON YOUR HATE,5,HAT,HATE,AE->EY,1,0.977,1.405,0.993,1.358,yes,stretch_1.6x,0.977,1.654
B0043,030230119,HURT A CANCER THINGS WILL NEVER BE THE SAME,HEARD A CANCER THINGS WILL NEVER BE THE SAME,0,HURT,HEARD,T->D,2,0.0,0.16,0.0,0.161,yes,stretch_2.0x,0.0,0.312
B0044,000560030,FIVE EIGHT THREE TWO,FIVE EIGHT THREE DUE,3,TWO,DUE,T->D,0,1.097,1.138,1.097,1.138,yes,stretch_1.6x,1.097,1.154
B0045,014070040,MY WORK IS GOING TO BE CUT OUT FOR ME,MY WORK IS GOING TO BE CAUGHT OUT FOR ME,6,CUT,CAUGHT,AH->AA,1,1.085,1.246,1.07,1.252,yes,stretch_2.0x,1.085,1.391
B0046,096140016,THAT WAS THE FIRST THING ABOUT HER THAT ATTRACTED ME,THAT WAS THE FIRST THING ABOUT HER THAT ATTRACTIVE ME,8,ATTRACTED,ATTRACTIVE,D->V,7,1.685,2.127,1.754,2.218,yes,stretch_2.0x,1.685,2.553
B0047,096470016,HOW MANY KINGDOMS KNOW US NOT,HOW MINI KINGDOMS KNOW US NOT,1,MANY,MINI,EH->IH,1,0.161,0.322,0.141,0.302,yes,stretch_1.6x,0.161,0.403
B0048,021120233,WHAT DO YOU WANT TO READ ABOUT,WHAT DO YOU WANT TO RID ABOUT,5,READ,RID,EH->IH,1,0.733,0.876,0.753,0.876,yes,stretch_1.6x,0.733,0.946
B0049,065040044,YOUR MOTHER WILL RIDE HOME WITH ME,YOUR MOTHER WILL RID HOME WITH ME,3,RIDE,RID,AY->IH,1,0.584,0.785,0.624,0.765,yes,stretch_1.6x,0.584,0.89
B0050,030210074,WILL YOU TEA TELL HIM,WILL YOU TEA TILL HIM,3,TELL,TILL,EH->IH,1,0.588,0.77,0.591,0.794,yes,stretch_1.6x,0.588,0.863
B0051,020360302,HE PUT A SMILE ON MY FACE TONIGHT,HE POT A SMILE ON MY FACE TONIGHT,1,PUT,POT,UH->AA,1,0.182,0.303,0.202,0.323,yes,stretch_1.6x,0.182,0.36
B0052,096310009,I HAVE BETTER GET OUT OF HERE,I HAVE BETTER GATE OUT OF HERE,3,GET,GATE,EH->EY,1,0.706,0.827,0.643,0.885,yes,stretch_1.6x,0.706,0.884
B0053,096460015,BUT SOMETIMES LIFE CAN HURT,BUT SOMETIMES LIFE CAN HEARD,4,HURT,HEARD,T->D,2,1.217,1.602,1.209,1.672,yes,stretch_2.0x,1.217,1.979
B0054,090880090,THEY HAD TO SUPPORT HIM AND PUT HIM TO BED,THEY HAD TO SUPPORT HIM AND PUT HIM TO BET,9,BED,BET,D->T,2,1.591,1.974,1.591,1.974,yes,stretch_2.0x,1.591,2.348
B0055,030120003,BUT WHAT WAD YOU HAVE ME DO ABOUT IT,BUT WET WAD YOU HAVE ME DO ABOUT IT,1,WHAT,WET,AH->EH,1,0.181,0.322,0.202,0.364,yes,stretch_2.0x,0.181,0.447
B0056,011860256,THANKFUL FOR SO MANY OF YOU,THANKFUL FOR SO MONEY OF YOU,3,MANY,MONEY,EH->AH,1,0.783,0.964,0.792,0.975,yes,stretch_2.0x,0.783,1.129
B0057,036310021,YOU DO NOT KNOW MINE,YOU DO NOT KNOW MIN,4,MINE,MIN,AY->IH,1,0.723,1.266,1.086,1.126,yes,stretch_1.6x,0.723,1.583
B0058,030140128,WE MISS YOU AT EVERY TURN,WE MESS YOU AT EVERY TURN,1,MISS,MESS,IH->EH,1,0.183,0.326,0.181,0.343,yes,stretch_1.6x,0.183,0.396
B0059,096350024,IT WAS NOT HER PLACE TO SAY ANYTHING,IT WAS NOT HER PLUS TO SAY ANYTHING,4,PLACE,PLUS,EY->AH,2,0.95,1.193,0.946,1.168,yes,stretch_2.0x,0.95,1.42
B0060,054180087,OUR MEETING COULD NOT HAVE HAPPENED BETTER,OUR MEETING COULD NOT HAVE HAPPENED BUTTER,6,BETTER,BUTTER,EH->AH,1,1.515,1.939,1.528,1.95,yes,stretch_2.0x,1.515,2.355
B0061,005670055,PEOPLE WERE SCREAMING AND SHOUTING,PEOPLE WERE SCREAMING OWNED SHOUTING,3,AND,OWNED,AH->OW,0,0.925,1.006,0.946,1.107,yes,stretch_1.6x,0.925,1.039
B0062,028970294,WELL THAT IS A VERY FAIR POINT,WILL THAT IS A VERY FAIR POINT,0,WELL,WILL,EH->IH,1,0.0,0.244,0.0,0.241,yes,stretch_2.0x,0.0,0.48
B0063,011810197,SPEAK UP FOR THOSE WHO CANNOT SPEAK FOR THEMSELVES,SPEAK UP FALL THOSE WHO CANNOT SPEAK FOR THEMSELVES,2,FOR,FALL,R->L,2,0.363,0.424,0.403,0.625,yes,stretch_2.0x,0.363,0.469
B0064,010750104,SOME THREE WITH ON TO TEACHER'S OFFICE,SOME TREE WITH ON TO TEACHER'S OFFICE,1,THREE,TREE,TH->T,0,0.222,0.444,0.221,0.443,yes,stretch_1.6x,0.222,0.561
B0065,025380347,THEY ENTERED THROUGH THE OPENING ON THE BEACH,THEY ENTERED TRUE THE OPENING ON THE BEACH,2,THROUGH,TRUE,TH->T,0,0.467,0.629,0.465,0.647,yes,stretch_2.0x,0.467,0.775
B0066,032080071,I HAVE HAD NO HOLIDAY,I HAVE HAVE NO HOLIDAY,2,HAD,HAVE,D->V,2,0.364,0.505,0.363,0.504,yes,stretch_1.6x,0.364,0.574
B0067,025380298,HOPE YOU ALL HAD A GOOD WEEKEND,HOP YOU ALL HAD A GOOD WEEKEND,0,HOPE,HOP,OW->AA,1,0.0,0.242,0.0,0.223,yes,stretch_1.6x,0.0,0.379
B0068,000930018,JOHN IS GO KING TO SEE CAT,JOHN IS GO KING TO SEE CUT,6,CAT,CUT,AE->AH,1,1.237,1.683,1.233,1.637,yes,stretch_1.6x,1.237,1.943
B0069,015030142,BETTER WANTS TO BE A GOOD CHARM,BUTTER WANTS TO BE A GOOD CHARM,0,BETTER,BUTTER,EH->AH,1,0.0,0.221,0.0,0.223,yes,stretch_1.6x,0.0,0.346
B0070,085840089,THE REPORT MAY BE THIS TIME TRAIN,THE REPORT MAY BE THIS TIM TRAIN,5,TIME,TIM,AY->IH,1,0.924,1.145,0.927,1.128,yes,stretch_1.6x,0.924,1.262
B0071,022820293,EDGE OF TOMORROW IS GOOD TIME,EDGE OF TOMORROW IS GOD TIME,4,GOOD,GOD,UH->AA,1,0.989,1.151,0.989,1.232,yes,stretch_1.6x,0.989,1.232
B0072,011090277,WHEN IS THAT GOING TO BE FIXED,WAYNE IS THAT GOING TO BE FIXED,0,WHEN,WAYNE,EH->EY,1,0.0,0.223,0.0,0.365,yes,stretch_2.0x,0.0,0.438
B0073,085840099,I ASK YOU IS SUCH A MAN FREE,I ASK YOU IS SUCH A MAIN FREE,6,MAN,MAIN,AE->EY,1,0.93,1.112,0.966,1.147,yes,stretch_2.0x,0.93,1.278
B0074,036360111,WHAT A SWEET SINGER YOU US WHEN YOU FIRST COME,WHAT A SWEET SINGER YOU US WIN YOU FIRST COME,6,WHEN,WIN,EH->IH,1,1.43,1.571,1.367,1.468,yes,stretch_1.6x,1.43,1.64
B0075,003060002,JUST SET HOOK AND PUT THE PRESSURE,JUST SIT HOOK AND PUT THE PRESSURE,1,SET,SIT,EH->IH,1,0.325,0.507,0.282,0.444,yes,stretch_1.6x,0.325,0.6
B0076,095560129,THERE WILL PROBABLY BE NONE,THERE WILL PROBABLY BE KNOWN,4,NONE,KNOWN,AH->OW,1,1.03,1.474,1.024,1.486,yes,stretch_2.0x,1.03,1.91
B0077,096060011,I LET THE TIME GET AWAY FROM ME,I LET THE TIM GET AWAY FROM ME,3,TIME,TIM,AY->IH,1,0.503,0.764,0.484,0.665,yes,stretch_1.6x,0.503,0.905
B0078,027400289,IT WOULD BE A GREAT FOR US TO ADD HIM,IT WOULD BE A GREAT FOR US TO ODD HIM,8,ADD,ODD,AE->AA,0,1.831,1.951,1.809,1.99,yes,stretch_1.6x,1.831,2.007
B0079,061210109,I PASS HALF MY LIFE IN THE WOODS,I PACE HALF MY LIFE IN THE WOODS,1,PASS,PACE,AE->EY,1,0.202,0.445,0.203,0.425,yes,stretch_2.0x,0.202,0.672
B0080,010370204,HOPING FOR A GREAT CAMPAIGN,HOPING FOR A GRADE CAMPAIGN,3,GREAT,GRADE,T->D,3,0.649,0.852,0.645,0.907,yes,stretch_2.0x,0.649,1.039
B0081,010460017,SAND RAN AWAY FROM THE DEER,SAND RUN AWAY FROM THE DEER,1,RAN,RUN,AE->AH,1,0.304,0.487,0.301,0.442,yes,stretch_1.6x,0.304,0.581
B0082,000540031,SIX EIGHT FOUR SIX,SIX EIGHT FOUR SEX,3,SIX,SEX,IH->EH,1,0.731,1.3,0.71,1.277,yes,stretch_2.0x,0.731,1.861
B0083,005750268,ALL ABOUT THE CHINA CUP FOR ME,ALL ABOUT THE CHINA COP FOR ME,4,CUP,COP,AH->AA,1,0.83,0.971,0.85,1.052,yes,stretch_2.0x,0.83,1.096
B0084,024880070,HE WAS AT THE HEIGHT OF HIS POWER,HE WAS AT THE HIT OF HIS POWER,4,HEIGHT,HIT,AY->IH,1,0.488,0.691,0.465,0.627,yes,stretch_1.6x,0.488,0.797
B0085,022510368,BUT HOW MANY WILL NEVER SEE IT,BET HOW MANY WILL NEVER SEE IT,0,BUT,BET,AH->EH,1,0.0,0.101,0.0,0.161,yes,stretch_1.6x,0.0,0.154
B0086,000750149,TIM LIVES IN MOST ROOM NOW,TIM LOVES IN MOST ROOM NOW,1,LIVES,LOVES,IH->AH,1,0.243,0.608,0.222,0.525,yes,stretch_2.0x,0.243,0.957
B0087,024880098,THEY GET USED TO THE HEAT,THEY GET USED TO THE SHEET,5,HEAT,SHEET,HH->SH,0,0.953,1.358,0.969,1.393,yes,stretch_2.0x,0.953,1.755
B0088,010610165,AND THIS IS HAIR BOOK,AND THIS IS SHARE BOOK,3,HAIR,SHARE,HH->SH,0,0.549,0.711,0.545,0.807,yes,stretch_1.6x,0.549,0.792
B0089,010390183,IT WAS A GOOD SCORE,IT WAS A GOD SCORE,3,GOOD,GOD,UH->AA,1,0.727,0.869,0.708,0.911,yes,stretch_1.6x,0.727,0.938
B0090,008110247,EVEN THEN HE WANT TO WIN,EVEN THEN HE WANT TO ONE,5,WIN,ONE,IH->AH,1,0.935,1.382,1.036,1.3,yes,stretch_1.6x,0.935,1.642
B0091,000750085,JOHN HOT SOME MEAT,JOHN SHOT SOME MEAT,1,HOT,SHOT,HH->SH,0,0.347,0.511,0.504,0.745,yes,stretch_2.0x,0.347,0.659
B0092,096250011,BUT THERE WAS SO MUCH MORE TO COME,BOUGHT THERE WAS SO MUCH MORE TO COME,0,BUT,BOUGHT,AH->AA,1,0.0,0.101,0.0,0.202,yes,stretch_1.6x,0.0,0.154
B0093,096280028,BUT WHAT ELSE AM I TO DO,BOAT WHAT ELSE AM I TO DO,0,BUT,BOAT,AH->OW,1,0.0,0.162,0.0,0.221,yes,stretch_1.6x,0.0,0.251
B0094,085810018,NOW ANOTHER THING I WANT TO TELL YOU,NOW ANOTHER THING I WANT TO TILL YOU,6,TELL,TILL,EH->IH,1,1.288,1.45,1.292,1.474,yes,stretch_1.6x,1.288,1.531
B0095,096140005,BUT THAT IS WHY WE ARE HERE,BOAT THAT IS WHY WE ARE HERE,0,BUT,BOAT,AH->OW,1,0.0,0.121,0.0,0.201,yes,stretch_1.6x,0.0,0.186
B0096,001200145,SATURDAY IS GOING TO BE A LOT OF FUN,SATURDAY IS GOING TO BE A LOT OF PHONE,8,FUN,PHONE,AH->OW,1,1.344,1.846,1.329,1.892,yes,stretch_2.0x,1.344,2.34
B0097,013340313,IT'S NOT HIS NOW BUT MINE,IT'S NOT HIS NOW BUT MIN,5,MINE,MIN,AY->IH,1,1.128,1.672,1.012,1.498,yes,stretch_2.0x,1.128,2.208
B0098,096140020,HE LOOKED OVER HIS HAND AND SMILED,HE LOCKED OVER HIS HAND AND SMILED,1,LOOKED,LOCKED,UH->AA,1,0.161,0.382,0.201,0.462,yes,stretch_1.6x,0.161,0.499
B0099,096310004,IT WILL ONLY BE A MOMENT,IT WELL ONLY BE A MOMENT,1,WILL,WELL,IH->EH,1,0.542,0.703,0.482,0.723,yes,stretch_2.0x,0.542,0.848
B0100,030200151,WOULD YOU HAVE DONE IT,WOULD YOU HAVE DON IT,3,DONE,DON,AH->AA,1,0.47,1.0,0.447,0.65,yes,stretch_2.0x,0.47,1.514
B0101,032080056,GET UP I SAY,GATE UP I SAY,0,GET,GATE,EH->EY,1,0.0,0.141,0.0,0.203,yes,stretch_2.0x,0.0,0.274
B0102,096400020,AUTHOR NOTE HELLO AGAIN EVERYONE,AUTHOR NOT HELLO AGAIN EVERYONE,1,NOTE,NOT,OW->AA,1,0.425,0.586,0.442,0.582,yes,stretch_1.6x,0.425,0.667
B0103,010120212,NOT IN THE MOOD OF ANY OF THEM,NOT IN THE MOVE OF ANY OF THEM,3,MOOD,MOVE,D->V,2,0.546,0.687,0.544,0.726,yes,stretch_1.6x,0.546,0.756
B0104,021790039,NINE SIX THREE SEVEN,NINE SEX THREE SEVEN,1,SIX,SEX,IH->EH,1,0.387,0.57,0.383,0.544,yes,stretch_1.6x,0.387,0.664
B0105,013360162,THIS IS A WASTE OF MONEY,THIS IS A WASTE OF MINI,5,MONEY,MINI,AH->IH,1,0.864,1.266,0.833,1.219,yes,stretch_1.6x,0.864,1.498
B0106,050290062,OUR POOR LITTLE SISTER IS LOST,OUR POOL LITTLE SISTER IS LOST,1,POOR,POOL,R->L,2,0.284,0.466,0.282,0.443,yes,stretch_1.6x,0.284,0.559
B0107,023800124,WE HAVE TO LET THEM KNOW THEY ARE SPECIAL,WE HAVE TO LET THEM NAH THEY ARE SPECIAL,5,KNOW,NAH,OW->AA,1,0.848,0.989,0.852,0.933,yes,stretch_1.6x,0.848,1.058
B0108,095530028,BUT MIGHT NOT HE GET ANOTHER LESSON FROM THEM,BUT MIGHT NOT HE GET ANOTHER LISTEN FROM THEM,6,LESSON,LISTEN,EH->IH,1,1.206,1.508,1.194,1.477,yes,stretch_2.0x,1.206,1.794
B0109,091010109,BUT YOU HAD BEST WASTE NO TIME ON QUESTIONS,BUT YOU HAVE BEST WASTE NO TIME ON QUESTIONS,2,HAD,HAVE,D->V,2,0.403,0.503,0.404,0.525,yes,stretch_2.0x,0.403,0.587
B0110,028920200,I CAN HARDLY WAIT TO SEE THIS,I CAN HARDLY WHAT TO SEE THIS,3,WAIT,WHAT,EY->AH,1,0.607,0.79,0.686,0.807,yes,stretch_2.0x,0.607,0.957
B0111,011090292,WE HAVE TO BE PATIENT AS MUCH AS IT SUCKS,WE HAVE TO BE PATIENT AS MUCH AS IT SIX,9,SUCKS,SIX,AH->IH,1,1.939,2.485,1.925,2.426,yes,stretch_1.6x,1.939,2.804
B0112,014690006,JAYME IS GOING TO SEE CAT,JAYME IS GOING TO SEE CAUGHT,5,CAT,CAUGHT,AE->AA,1,1.012,1.498,1.166,1.649,yes,stretch_2.0x,1.012,1.975
B0113,004820370,I SHUT MY EYES FOR ONE BREATH,I SHOT MY EYES FOR ONE BREATH,1,SHUT,SHOT,AH->AA,1,0.202,0.403,0.201,0.402,yes,stretch_1.6x,0.202,0.508
B0114,014070281,GOOD LUCK TO EVERYONE ELSE IN THE THIS,GOOD LOOK TO EVERYONE ELSE IN THE THIS,1,LUCK,LOOK,AH->UH,1,0.241,0.422,0.243,0.405,yes,stretch_2.0x,0.241,0.587
B0115,022420106,EVERYONE CAN WIN AT HOME,EVERYONE CAN WHEN AT HOME,2,WIN,WHEN,IH->EH,1,0.749,0.891,0.749,0.911,yes,stretch_1.6x,0.749,0.96
B0116,096310019,THE THING HAD COME AND SO IT MUST BE,THE THING HAD COME AND SO IT MISSED BE,7,MUST,MISSED,AH->IH,1,1.536,1.718,1.392,1.573,yes,stretch_1.6x,1.536,1.811
B0117,096180015,WE COULD PUT YOU IN A WORLD OF HURT,WE COULD PUT YOU IN A WORLD OF SHIRT,8,HURT,SHIRT,HH->SH,0,1.271,1.695,1.237,1.683,yes,stretch_2.0x,1.271,2.111
B0118,000490102,MARY LIKES YOUR RED SWEATER,MARY LIKES YOUR RID SWEATER,3,RED,RID,EH->IH,1,0.908,1.07,0.871,1.033,yes,stretch_1.6x,0.908,1.151
B0119,011970092,LOOK AT MARY'S COAT,LOOK AT MARY'S CAUGHT,3,COAT,CAUGHT,OW->AA,1,0.788,1.173,0.772,1.3,yes,stretch_1.6x,0.788,1.395
B0120,096460012,ONE FURTHER REMARK HOWEVER LEFT HIS LIPS,ONE FURTHER REMARK HOWEVER LIFT HIS LIPS,4,LEFT,LIFT,EH->IH,1,1.332,1.534,1.312,1.514,yes,stretch_1.6x,1.332,1.639
B0121,050390081,TRY YOU LUCK THERE,TRY YOU LOCK THERE,2,LUCK,LOCK,AH->AA,1,0.343,0.505,0.347,0.531,yes,stretch_1.6x,0.343,0.586
B0122,001490032,FOUR TWO SIX SIX,FOUR TWO SIX SUCKS,3,SIX,SUCKS,IH->AH,1,1.12,1.161,0.633,1.184,yes,stretch_1.6x,1.12,1.178
B0123,096260007,YOU ARE GOING TO HAVE TO COME WITH US NOW,YOU ARE GOING TO HAVE TO CALM WITH US NOW,6,COME,CALM,AH->AA,1,1.006,1.167,0.944,1.145,yes,stretch_2.0x,1.006,1.312
B0124,095580116,SEE THEM AND HEAR WHAT THEY CAN ADD,SEE THEM AND HEAR WHAT THEY CAN ODD,7,ADD,ODD,AE->AA,0,1.632,1.672,1.632,1.672,no,,,
B0125,014690113,SO MIKE WENT INTO THE LIVING ROOM,SO MIKE WENT INTO THE LOVING ROOM,5,LIVING,LOVING,IH->AH,1,0.97,1.193,0.986,1.207,yes,stretch_2.0x,0.97,1.4
B0126,096400028,IT'S ALMOST PAST YOUR BED TIME,IT'S ALMOST PAST YOUR BID TIME,4,BED,BID,EH->IH,1,1.234,1.396,1.193,1.315,yes,stretch_1.6x,1.234,1.477
B0127,096010009,AND THEN THERE WAS SILENCE FOR A MOMENT OR TWO,END THEN THERE WAS SILENCE FOR A MOMENT OR TWO,0,AND,END,AH->EH,0,0.0,0.142,0.0,0.182,yes,stretch_2.0x,0.0,0.276
B0128,030210123,IS THIS WELL DONE,IS THIS WELL DAN,3,DONE,DAN,AH->AE,1,0.691,1.219,0.703,1.266,yes,stretch_1.6x,0.691,1.528
B0129,051950075,I SHALL GO AND LOOK FOR SOME MONEY,I SHALL GO AND LOOK FOR SAM MONEY,6,SOME,SAM,AH->AE,1,1.25,1.371,1.295,1.497,yes,stretch_1.6x,1.25,1.428
B0130,054240138,BUT YOU MUST HAVE SOMETHING TO EAT,BIT YOU MUST HAVE SOMETHING TO EAT,0,BUT,BIT,AH->IH,1,0.0,0.142,0.0,0.183,yes,stretch_1.6x,0.0,0.219
B0131,030200019,THE WITH YOU TAKE A DRINK,THE WITH YOU TAKE A DRUNK,5,DRINK,DRUNK,IH->AH,2,0.624,0.987,0.626,1.01,yes,stretch_1.6x,0.624,1.197
B0132,096040007,SOON YOU WILL HAVE TO GO OUT ON YOUR OWN,SOON YOU WELL HAVE TO GO OUT ON YOUR OWN,2,WILL,WELL,IH->EH,1,0.321,0.442,0.323,0.485,yes,stretch_2.0x,0.321,0.547
B0133,003060087,IT WAS THEY ONLY HIT OF THEY CONTEST,IT WAS THEY ONLY HURT OF THEY CONTEST,4,HIT,HURT,IH->ER,1,1.051,1.253,1.044,1.285,yes,stretch_1.6x,1.051,1.358
B0134,001450037,FOUR THREE THREE EIGHT,FOUR TREE THREE EIGHT,1,THREE,TREE,TH->T,0,0.243,0.446,0.263,0.466,yes,stretch_2.0x,0.243,0.633
B0135,029170149,BUT DO YOU HAVE IT IN BLACK,BUT DO YOU HAVE IT IN BLOCK,6,BLACK,BLOCK,AE->AA,2,1.109,1.533,1.067,1.509,yes,stretch_2.0x,1.109,1.948
B0136,090880145,IT WAS AS STILL AS DEATH,IT WAS AS STILL AS DEBT,5,DEATH,DEBT,TH->T,2,1.267,1.73,1.138,1.544,yes,stretch_2.0x,1.267,2.185
B0137,010440012,ANDY RAN AWAY FROM THE SQUID,ANDY RUN AWAY FROM THE SQUID,1,RAN,RUN,AE->AH,1,0.383,0.565,0.404,0.545,yes,stretch_2.0x,0.383,0.731
B0138,096300008,SO WHAT THEN WERE WE TO DO,SO WET THEN WERE WE TO DO,1,WHAT,WET,AH->EH,1,0.363,0.545,0.162,0.304,yes,stretch_2.0x,0.363,0.711
B0139,038370105,TAKE IT AND GO,TAKE IT OWNED GO,2,AND,OWNED,AH->OW,0,0.71,0.791,0.566,0.809,yes,stretch_1.6x,0.71,0.824
B0140,096120010,THEY HAD TO LET GO,THE HAD TO LET GO,0,THEY,THE,EY->AH,1,0.0,0.142,0.0,0.101,yes,stretch_1.6x,0.0,0.219
B0141,061210031,NOW IT CAME TO ME,NOW IT COME TO ME,2,CAME,COME,EY->AH,1,0.643,0.844,0.607,0.768,yes,stretch_1.6x,0.643,0.949
B0142,000750106,LAYLA CAN SEE THE BUS,LAYLA CAN SEE THE BOSS,4,BUS,BOSS,AH->AA,1,0.911,1.416,0.925,1.428,yes,stretch_1.6x,0.911,1.711
B0143,095580056,THERE ARE NONE SUCH IN THIS PARTY,THERE ARE KNOWN SUCH IN THIS PARTY,2,NONE,KNOWN,AH->OW,1,0.342,0.483,0.302,0.462,yes,stretch_2.0x,0.342,0.608
B0144,026210123,JUST WONDERING WHAT TO DO WITH THE CAT,JUST WONDERING WHAT TO DO WITH THE CAUGHT,7,CAT,CAUGHT,AE->AA,1,1.72,2.125,1.725,2.206,yes,stretch_1.6x,1.72,2.359
B0145,096000008,HE WAS THERE WHEN HIS BEST FRIEND ASKED HER OUT,HE WAS THERE WHEN HIS BASED FRIEND ASKED HER OUT,5,BEST,BASED,EH->EY,1,0.905,1.127,0.948,1.21,yes,stretch_2.0x,0.905,1.333
B0146,000030145,BILLY LIVED IN NEW YORK,BILLY LOVED IN NEW YORK,1,LIVED,LOVED,IH->AH,1,0.342,0.664,0.344,0.668,yes,stretch_1.6x,0.342,0.841
B0147,096350021,BUT THEN I THOUGHT THERE WAS LITTLE NEED,BUT THEN I TAUGHT THERE WAS LITTLE NEED,3,THOUGHT,TAUGHT,TH->T,0,0.382,0.563,0.366,0.549,yes,stretch_1.6x,0.382,0.656
B0148,012920073,THAT WAS MONEY FOR CHRISTMAS GIFTS,THAT WAS MANY FOR CHRISTMAS GIFTS,2,MONEY,MANY,AH->EH,1,0.422,0.623,0.423,0.605,yes,stretch_1.6x,0.422,0.728
B0149,034230063,AND THERE WERE THREE DAYS LIKE THIS,AND THERE WERE THREE DOES LIKE THIS,4,DAYS,DOES,EY->AH,1,0.648,0.911,0.588,0.791,yes,stretch_1.6x,0.648,1.053
B0150,014390009,DAVID RAN AWAY FROM THE CAT,DAVID RAIN AWAY FROM THE CAT,1,RAN,RAIN,AE->EY,1,0.383,0.564,0.384,0.586,yes,stretch_2.0x,0.383,0.729
B0151,096310012,I THOUGHT MY LIFE WAS ABOUT TO END,I THOUGHT MY LIFE WAS ABOUT TO AND,7,END,AND,EH->AH,0,1.557,1.881,1.572,1.834,yes,stretch_2.0x,1.557,2.197
B0152,096000007,HE MADE NO MOVE IT WOULD COME WHAT WOULD COME,HE MADE NO MOVE IT WOULD CALM WHAT WOULD COME,6,COME,CALM,AH->AA,1,1.467,1.628,1.423,1.683,yes,stretch_2.0x,1.467,1.773
B0153,065040049,YOU MUST DECIDE FOR YOURSELF,YOU MOST DECIDE FOR YOURSELF,1,MUST,MOST,AH->OW,1,0.162,0.323,0.201,0.362,yes,stretch_1.6x,0.162,0.404
B0154,022080116,NOT THE SAME BUT IT IS DELICIOUS,NOT THE SAME BOUGHT IT IS DELICIOUS,3,BUT,BOUGHT,AH->AA,1,0.728,0.809,0.687,0.889,yes,stretch_1.6x,0.728,0.842
B0155,054240094,LOOK AT MY FACE,LOCK AT MY FACE,0,LOOK,LOCK,UH->AA,1,0.0,0.243,0.0,0.263,yes,stretch_1.6x,0.0,0.381
B0156,010390189,CARS HAVE COME A LONG WAY TOO,CARS HAVE KIM A LONG WAY TOO,2,COME,KIM,AH->IH,1,0.505,0.667,0.526,0.708,yes,stretch_1.6x,0.505,0.748
B0157,005630291,I WOULD LIKE TO SPEND SOME MONEY ON YOUR SITE,I WOULD LIKE TO SPEND SOME MANY ON YOUR SITE,6,MONEY,MANY,AH->EH,1,1.133,1.336,1.133,1.315,yes,stretch_2.0x,1.133,1.523
B0158,015030041,TWO TWO NINE FOUR,DUE TWO NINE FOUR,0,TWO,DUE,T->D,0,0.0,0.101,0.0,0.142,yes,stretch_2.0x,0.0,0.194
B0159,096460005,HIS FATHER HAZARDED ONE GUESS,HIS FATHER HAZARDED WIN GUESS,3,ONE,WIN,AH->IH,1,1.089,1.25,1.053,1.256,yes,stretch_1.6x,1.089,1.331
B0160,010300153,REALITY IS THE LEADING CAUSE OF STRESS,REALITY IS THE LEAVING CAUSE OF STRESS,3,LEADING,LEAVING,D->V,2,0.843,1.125,0.864,1.084,yes,stretch_1.6x,0.843,1.278
B0161,001570316,HE WATCHES A FAIR AMOUNT OF TELEVISION,HE WATCHES A FEAR AMOUNT OF TELEVISION,3,FAIR,FEAR,EH->IH,1,0.662,0.862,0.687,0.869,yes,stretch_2.0x,0.662,1.046
B0162,080630038,SOME SEEMED TO STAY HIS HAND,SAM SEEMED TO STAY HIS HAND,0,SOME,SAM,AH->AE,1,0.0,0.182,0.0,0.242,yes,stretch_1.6x,0.0,0.283
B0163,005670189,I SEE YOU WHEN YOU GET THERE,I SEE YOU WIN YOU GET THERE,3,WHEN,WIN,EH->IH,1,0.627,0.749,0.508,0.61,yes,stretch_2.0x,0.627,0.855
B0164,096470015,THE FIRST MAY BE THUS EXPLAINED,THE FIRST MAY BE THIS EXPLAINED,4,THUS,THIS,AH->IH,1,0.726,0.888,0.704,0.845,yes,stretch_2.0x,0.726,1.034
B0165,014650032,SIX SEVEN EIGHT NINE,SIX SEVEN AID NINE,2,EIGHT,AID,T->D,1,0.465,0.607,0.503,0.624,yes,stretch_1.6x,0.465,0.676
B0166,020310133,JUST WANT TO BE LEFT ALONE TO MY THOUGHTS,JUST WANT TO BE LIFT ALONE TO MY THOUGHTS,4,LEFT,LIFT,EH->IH,1,0.727,0.889,0.724,0.906,yes,stretch_1.6x,0.727,0.97
B0167,020270020,JAYME WENT TO SEE CAT,JAYME WENT TO SEE CUT,4,CAT,CUT,AE->AH,1,0.884,1.347,0.947,1.37,yes,stretch_1.6x,0.884,1.616
B0168,000240060,PLUS THE KIDS REALLY LIKE THE DOGS,PLUS THO KIDS REALLY LIKE THE DOGS,1,THE,THO,AH->OW,1,0.403,0.463,0.445,0.586,yes,stretch_2.0x,0.403,0.507
B0169,025380004,THERE WERE HATS BUTTONS AND RED WHITE AND BLUE BALLOONS,THERE WERE HATS BUTTONS AND RID WHITE AND BLUE BALLOONS,5,RED,RID,EH->IH,1,1.169,1.371,1.168,1.349,yes,stretch_2.0x,1.169,1.557
B0170,060990093,YOU KNOW WHAT THAT WILL MEAN,YOU NAH WHAT THAT WILL MEAN,1,KNOW,NAH,OW->AA,1,0.204,0.346,0.241,0.382,yes,stretch_2.0x,0.204,0.472
B0171,012930008,NO ONE WAS HURT IN THE EXPLOSION,NO ONE WAS SHIRT IN THE EXPLOSION,3,HURT,SHIRT,HH->SH,0,0.684,0.885,0.667,0.949,yes,stretch_1.6x,0.684,0.99
B0172,010500089,LAYLA HAS A BEAUTIFUL HAT,LAYLA HAS A BEAUTIFUL HOT,4,HAT,HOT,AE->AA,1,1.105,1.567,1.093,1.579,yes,stretch_1.6x,1.105,1.836
B0173,024480188,HOPING THAT THEY ARE DOING THE SAME WITH THIS ONE,HOPING THAT THEY ARE DOING THE SAME WITH THUS ONE,8,THIS,THUS,IH->AH,1,1.455,1.576,1.433,1.594,yes,stretch_1.6x,1.455,1.633
B0174,095530049,BUT AT DINNER THERE WERE PLANS TO BE MADE,BET AT DINNER THERE WERE PLANS TO BE MADE,0,BUT,BET,AH->EH,1,0.0,0.121,0.0,0.181,yes,stretch_2.0x,0.0,0.234
B0175,030020162,THEY LOVED HER AND SHE LOVED THEM,THEY LIVED HER AND SHE LOVED THEM,1,LOVED,LIVED,AH->IH,1,0.223,0.445,0.222,0.444,yes,stretch_1.6x,0.223,0.562
B0176,010290361,BUT THE WORK WAS VERY HARD AND HOT,BUT THE WORK WAS VERY HARD AND SHOT,7,HOT,SHOT,HH->SH,0,1.364,1.846,1.337,1.823,yes,stretch_2.0x,1.364,2.32
B0177,061210068,I TOOK MY HEAD IN MY HANDS AND THOUGHT,I TOOK MY HEAD IN MY HANDS AND TAUGHT,8,THOUGHT,TAUGHT,TH->T,0,1.47,1.974,1.438,1.904,yes,stretch_2.0x,1.47,2.469
B0178,020340055,LOOK AT STEVEN'S SWEATER,LOCK AT STEVEN'S SWEATER,0,LOOK,LOCK,UH->AA,1,0.0,0.202,0.0,0.244,yes,stretch_1.6x,0.0,0.315
B0179,020020348,BILL HUNT PUT DOWN HIS BOOK,BELL HUNT PUT DOWN HIS BOOK,0,BILL,BELL,IH->EH,1,0.0,0.223,0.0,0.244,yes,stretch_1.6x,0.0,0.349
B0180,060670029,I AM QUITE SURE I DID NOT,I AM QUIT SURE I DID NOT,2,QUITE,QUIT,AY->IH,2,0.303,0.524,0.324,0.487,yes,stretch_1.6x,0.303,0.641
B0181,096230012,I LOOK DOWN AND KNOW THE MAN IS DEAD,I LOOK DOWN AND KNOW THE MAN IS DID,8,DEAD,DID,EH->IH,1,1.584,1.985,1.598,1.962,yes,stretch_2.0x,1.584,2.378
B0182,008110209,IN THE POLICE STATE NONE OF US ARE SAFE,IN THE POLICE STATE NON OF US ARE SAFE,4,NONE,NON,AH->AA,1,0.848,0.989,0.808,0.99,yes,stretch_2.0x,0.848,1.114
B0183,095530154,HE HAD ALMOST LOST HER,HE HAT ALMOST LOST HER,1,HAD,HAT,D->T,2,0.163,0.284,0.181,0.302,yes,stretch_1.6x,0.163,0.341
B0184,010330053,SHE KNOWS HE LOVES HER AND SHE LOVES HIM,SHE KNOWS HE LOVES HER AND SHE LIVES HIM,7,LOVES,LIVES,AH->IH,1,1.276,1.499,1.274,1.456,yes,stretch_1.6x,1.276,1.617
B0185,021160075,I THINK EVERYONE ACROSS THE BOARD IS SAD,I THINK EVERYONE ACROSS THE BOARD IS SAT,7,SAD,SAT,D->T,2,2.142,2.183,1.756,2.159,yes,stretch_2.0x,2.142,2.215
B0186,075510036,WE WISH ALL MAY TAKE WORRYING BY BUS,WE WISH ALL MAY TAKE WORRYING BY BOSS,7,BUS,BOSS,AH->AA,1,1.714,2.218,1.639,2.125,yes,stretch_2.0x,1.714,2.713
B0187,007650078,A YEAR LATER THE PLANT WAS CLOSED,A YEAR LATER THE PLANNED WAS CLOSED,4,PLANT,PLANNED,T->D,4,0.787,1.03,0.786,1.069,yes,stretch_1.6x,0.787,1.16
B0188,096160001,HE LOOKED UP AND SAW A MAN,HE LOCKED UP AND SAW A MAN,1,LOOKED,LOCKED,UH->AA,1,0.162,0.384,0.201,0.423,yes,stretch_2.0x,0.162,0.59
B0189,096090027,SHE ACCEPTED IT AND PUT IT WITH HER THINGS,SHE ACCEPTED IT AND POT IT WITH HER THINGS,4,PUT,POT,UH->AA,1,1.392,1.533,1.324,1.485,yes,stretch_1.6x,1.392,1.602
B0190,050720006,WELL DON'T LET HIM HAVE TOO MUCH OF IT,WELL DON'T LATE HIM HAVE TOO MUCH OF IT,2,LET,LATE,EH->EY,1,0.483,0.624,0.485,0.707,yes,stretch_2.0x,0.483,0.749
B0191,096130007,THERE IS NO PLACE FOR ME IN HIS HEART,THERE IS NO PLUS FOR ME IN HIS HEART,3,PLACE,PLUS,EY->AH,2,0.504,0.786,0.524,0.786,yes,stretch_1.6x,0.504,0.939
B0192,054280062,BUT AT PRESENT THERE ARE THINGS WHICH MUST BE DONE,BUT AT PRESENT THERE ARE THINGS WHICH MUST BE DON,9,DONE,DON,AH->AA,1,1.894,2.357,1.917,2.461,yes,stretch_2.0x,1.894,2.812
B0193,020160207,THEY LOST FOR A HOST OF REASONS,THE LOST FOR A HOST OF REASONS,0,THEY,THE,EY->AH,1,0.0,0.141,0.0,0.101,yes,stretch_1.6x,0.0,0.218
B0194,051950164,IT WAS QUITE A FAMILY PARTY,IT WAS QUIT A FAMILY PARTY,2,QUITE,QUIT,AY->IH,2,0.683,0.884,0.687,0.848,yes,stretch_2.0x,0.683,1.069
B0195,027400077,I THINK WE NEED THAT TYPE OF PERSON,I THINK WE NEED THAT TIP OF PERSON,5,TYPE,TIP,AY->IH,1,0.966,1.207,0.967,1.148,yes,stretch_2.0x,0.966,1.432
B0196,061210148,AND DID YOU HEAR NOTHING,AND DEAD YOU HEAR NOTHING,1,DID,DEAD,IH->EH,1,0.182,0.283,0.181,0.323,yes,stretch_1.6x,0.182,0.328
B0197,000440021,MANDY LOVES LIVES IN AUSTRALIAN,MANDY LOVES LOVES IN AUSTRALIAN,2,LIVES,LOVES,IH->AH,1,0.77,0.972,0.805,1.086,yes,stretch_1.6x,0.77,1.077
B0198,054010032,BETTER LUCK NEXT TIME,BETTER LOOK NEXT TIME,1,LUCK,LOOK,AH->UH,1,0.304,0.465,0.283,0.444,yes,stretch_1.6x,0.304,0.546
B0199,091010139,OTHER FURNITURE THERE WAS NONE,OTHER FURNITURE THERE WAS NON,4,NONE,NON,AH->AA,1,1.048,1.451,1.075,1.521,yes,stretch_1.6x,1.048,1.685
B0200,080570072,DRESS THEM IN BLACK AND PLACE THEM OUTSIDE MY TENT,DRESS THEM IN BLOCK AND PLACE THEM OUTSIDE MY TENT,3,BLACK,BLOCK,AE->AA,2,0.586,0.788,0.545,0.788,yes,stretch_1.6x,0.586,0.893
B0201,001140159,THEN LISTEN TO ME,THEN LESSON TO ME,1,LISTEN,LESSON,IH->EH,1,0.243,0.486,0.266,0.553,yes,stretch_2.0x,0.243,0.713
B0202,081530170,SO OF THE NATIONS WITH THEIR WARS,SO OF THO NATIONS WITH THEIR WARS,2,THE,THO,AH->OW,1,0.264,0.325,0.263,0.404,yes,stretch_2.0x,0.264,0.37
B0203,060100154,HE LOOKED AROUND HIM AND BEGAN,HE LOOKED AROUND HIM AND BEGUN,5,BEGAN,BEGUN,AE->AH,3,1.173,1.8,1.167,1.73,yes,stretch_2.0x,1.173,2.418
B0204,054060147,SHE MUST BE HUNGRY AND SHE MUST BE COLD,SHE MISSED BE HUNGRY AND SHE MUST BE COLD,1,MUST,MISSED,AH->IH,1,0.14,0.281,0.141,0.303,yes,stretch_2.0x,0.14,0.406
B0205,096010018,THE OTHER WAS A GIRL AS WELL,THE OTHER WAS A GIRL AS WILL,6,WELL,WILL,EH->IH,1,1.176,1.602,1.164,1.625,yes,stretch_2.0x,1.176,2.02
B0206,060990023,SHE SAID SHE WOULD SEE HER,SHE SET SHE WOULD SEE HER,1,SAID,SET,D->T,2,0.203,0.385,0.182,0.323,yes,stretch_2.0x,0.203,0.551
B0207,027990162,TIME TO THINK ABOUT SOMETHING ELSE FOR A WHILE,TIME TO THINK ABOUT SOMETHING ELSE FOR A WILL,8,WHILE,WILL,AY->IH,1,1.709,2.252,1.7,2.125,yes,stretch_2.0x,1.709,2.787
B0208,069120025,BUT IT DID NOT COME,BIT IT DID NOT COME,0,BUT,BIT,AH->IH,1,0.0,0.12,0.0,0.162,yes,stretch_1.6x,0.0,0.184
B0209,096490015,THINGS ARE MOVING ALONG SO FAST,THINGS ARE MOVING ALONG SO FACED,5,FAST,FACED,AE->EY,1,1.228,1.811,1.248,1.811,yes,stretch_1.6x,1.228,2.153
B0210,024510070,IT'S ALL PART AND PARCEL OF NEW MANAGEMENT STYLE,IT'S ALL PART AND PARCEL OF NEW MANAGEMENT STILL,8,STYLE,STILL,AY->IH,2,2.077,2.682,2.066,2.647,yes,stretch_2.0x,2.077,3.279
B0211,010370131,AND IT WAS A WHILE BACK,AND IT WAS A WILL BACK,4,WHILE,WILL,AY->IH,1,0.933,1.197,0.926,1.067,yes,stretch_1.6x,0.933,1.339
B0212,026210203,IT WAS SO GREAT TO SEE EVERYONE,IT WAS SO GRADE TO SEE EVERYONE,3,GREAT,GRADE,T->D,3,0.803,1.004,0.807,1.049,yes,stretch_2.0x,0.803,1.189
B0213,020300073,MIKE GOT THE SHORTS,MIKE GOD THE SHORTS,1,GOT,GOD,T->D,2,0.324,0.446,0.265,0.468,yes,stretch_1.6x,0.324,0.503
B0214,005630122,YOUR THE REASON I MAKE IT THROUGH THE DAY,YOUR THE REASON I MAKE IT TRUE THE DAY,6,THROUGH,TRUE,TH->T,0,1.315,1.477,1.289,1.471,yes,stretch_1.6x,1.315,1.558
B0215,021790149,I HAD TWO SISTERS,I HAT TWO SISTERS,1,HAD,HAT,D->T,2,0.202,0.343,0.202,0.343,yes,stretch_1.6x,0.202,0.412
B0216,010270117,YELL THE VERY SAME THING,YELL THE VERY SOME THING,3,SAME,SOME,EY->AH,1,0.708,0.931,0.747,0.929,yes,stretch_2.0x,0.708,1.138
B0217,054080033,BUT A GREAT STRONG MAN,BUT A GREAT STRONG MAIN,4,MAN,MAIN,AE->EY,1,1.364,1.405,0.896,1.405,yes,stretch_2.0x,1.364,1.438
B0218,020160344,NOT A MAN SHARE ESCAPE,NOT A MAN SHELL ESCAPE,3,SHARE,SHELL,R->L,2,0.606,0.848,0.587,0.789,yes,stretch_2.0x,0.606,1.074
B0219,000560075,JACK LIKES YOUR RED CUP,JACK LIKES YOUR RED COP,4,CUP,COP,AH->AA,1,1.028,1.451,1.024,1.486,yes,stretch_1.6x,1.028,1.697
B0220,022520337,IN ABOUT THE THIRD ROW,IN ABOUT THE THIRD RAW,4,ROW,RAW,OW->AA,1,0.77,1.196,0.776,1.184,yes,stretch_2.0x,0.77,1.614
B0221,096450016,DEATH ITSELF HAD COME WITHOUT PAIN,DEATH ITSELF HAD KIM WITHOUT PAIN,3,COME,KIM,AH->IH,1,0.909,1.091,0.927,1.149,yes,stretch_2.0x,0.909,1.257
B0222,030140099,THE FOURTH DAY IS COME,THE FORT DAY IS COME,1,FOURTH,FORT,TH->T,3,0.141,0.362,0.141,0.321,yes,stretch_1.6x,0.141,0.479
B0223,030270073,BUT HOW I I TO TELL HER FATHER,BUT HOW I I TO DEL HER FATHER,5,TELL,DEL,T->D,0,0.648,0.85,0.711,0.914,yes,stretch_1.6x,0.648,0.955
B0224,032140121,I HAVE NOT DONE THAT FOR MANY ARE LONG YEAR,I HAVE NOT DONE THAT FOR MONEY ARE LONG YEAR,6,MANY,MONEY,EH->AH,1,1.084,1.265,1.072,1.255,yes,stretch_1.6x,1.084,1.358
B0225,075510091,TO BEEN THING I HAVE MADE UP MY MIND,TO BURN THING I HAVE MADE UP MY MIND,1,BEEN,BURN,IH->ER,1,0.262,0.403,0.141,0.364,yes,stretch_2.0x,0.262,0.528
B0226,080680174,THEY ARE A LAZY SIT,THEY ARE A LAZY SET,4,SIT,SET,IH->EH,1,0.664,1.126,0.65,1.138,yes,stretch_2.0x,0.664,1.58
B0227,010370070,IT WAS MORE THAN JUST ANOTHER HIT RECORD,IT WAS MORE THAN JUST ANOTHER HURT RECORD,6,HIT,HURT,IH->ER,1,1.552,1.693,1.514,1.716,yes,stretch_2.0x,1.552,1.818
B0228,036360151,I WILL TELL YOU THAT THEY DONE,I WILL TAIL YOU THAT THEY DONE,2,TELL,TAIL,EH->EY,1,0.361,0.542,0.365,0.548,yes,stretch_1.6x,0.361,0.635
B0229,050150021,THEY MUST HAVE DONE IT FOR FUN,THEY MUST HAVE DONE IT FOR PHONE,6,FUN,PHONE,AH->OW,1,1.19,1.614,1.193,1.718,yes,stretch_2.0x,1.19,2.03
B0230,011860377,HE WAS LOVE LOVED BY ALL AND HE LOVES ALL,HE WAS LOVE LOVED BY ALL AND HE LIVES ALL,8,LOVES,LIVES,AH->IH,1,1.735,1.997,1.747,1.968,yes,stretch_2.0x,1.735,2.243
B0231,014220140,TIM IS NOT A REAL STUDENT,TERM IS NOT A REAL STUDENT,0,TIM,TERM,IH->ER,1,0.0,0.161,0.0,0.222,yes,stretch_2.0x,0.0,0.314
B0232,038370128,IT IS NOT TO BE DONE,IT IS NOT TO BE DAN,5,DONE,DAN,AH->AE,1,1.217,1.683,1.156,1.683,yes,stretch_1.6x,1.217,1.955
B0233,000360339,HE KNOWS HE'S ABOUT TO GET INTO FIGHT,HE KNOWS HE'S ABOUT TO GET INTO FIT,7,FIGHT,FIT,AY->IH,1,1.395,1.8,1.375,1.8,yes,stretch_2.0x,1.395,2.196
B0234,020270049,FIVE SEVEN THREE EIGHT,FIVE SEVEN THREE AID,3,EIGHT,AID,T->D,1,0.878,1.184,0.914,1.219,yes,stretch_1.6x,0.878,1.36
B0235,012600129,THAT PUT ME IN SUCH A GOOD MOOD,THAT PUT ME IN SUCH A GOOD MOVE,7,MOOD,MOVE,D->V,2,1.296,1.66,1.312,1.695,yes,stretch_1.6x,1.296,1.87
