stim_id,utt_id,speaker,canonical_text,actual_text,foil_text,target_word_index,target_word,actual_word,target_phone_sub,foil_word_index,foil_word_original,foil_word,foil_phone_sub,real_target_start,real_target_end,ref_target_start,ref_target_end,real_foil_start,real_foil_end,ref_foil_start,ref_foil_end,has_foil,align_ok,word_accuracy,utt_accuracy
R0000,000010113,00001,THEN HE WENT TO THEME PARK,THEN HE WENT TO THUMB PARK,THEN HE WENT DO THEME PARK,4,THEME,THUMB,IY->AH@1,3,TO,DO,T->D@0,1.934,2.055,0.603,0.844,1.652,1.793,0.482,0.542,yes,yes,2,6
R0001,000530060,00053,SIR THREE PLANTING GRAFF,SIR THREE PLANTING GRAPH,,3,GRAFF,GRAPH,AA->AE@2,,,,,3.63,3.71,0.848,1.312,,,,,no,yes,5,7
R0002,003060002,00306,JUST SET HOOK AND PUT THE PRESSURE,JUST SIT HOOK AND PUT THE PRESSURE,JUST SET HOOK END PUT THE PRESSURE,1,SET,SIT,EH->IH@1,3,AND,END,AE->EH@0,0.724,1.266,0.325,0.507,1.97,2.151,0.75,0.832,yes,yes,3,4
R0003,003060107,00306,THE BALL IS IN THEIR COURT NOW,THE BELL IS IN THEIR COURT NOW,THE BALL IS IT THEIR COURT NOW,1,BALL,BELL,AO->EH@1,3,IN,IT,N->T@1,1.046,1.166,0.161,0.362,1.649,1.79,0.503,0.543,yes,yes,3,4
R0004,003060161,00306,WHAT WHAT WOULD HAVE YOU HAPPEN,WHAT WHAT HOOD HAVE YOU HAPPEN,WHAT WHAT WOULD HAVE TO HAPPEN,2,WOULD,HOOD,W->HH@0,4,YOU,TO,Y->T@0,1.524,1.685,0.426,0.568,2.447,2.547,0.77,0.852,yes,yes,3,5
R0005,003060259,00306,END OF THE ROAD FOR SOME PLAYERS,END OF THE LOAD FOR SOME PLAYERS,AND OF THE ROAD FOR SOME PLAYERS,3,ROAD,LOAD,R->L@0,0,END,AND,EH->AH@0,1.364,1.524,0.422,0.603,0.0,0.722,0.0,0.181,yes,yes,3,5
R0006,003060263,00306,THEY FALL IN LOVE WITH MY PERSONALITY NOT ME,THEY FELL IN LOVE WITH MY PERSONALITY NOT ME,THE FALL IN LOVE WITH MY PERSONALITY NOT ME,1,FALL,FELL,AO->EH@1,0,THEY,THE,EY->AH@1,1.082,1.242,0.221,0.422,0.0,0.982,0.0,0.161,yes,yes,3,5
R0007,003060306,00306,IT WAS NOT MY HEART THAT HE WAS AFTER,IT WAS NOT MAY HEART THAT HE WAS AFTER,IN WAS NOT MY HEART THAT HE WAS AFTER,3,MY,MAY,AY->EY@1,0,IT,IN,T->N@1,1.703,1.964,0.823,0.943,0.0,0.02,0.0,0.281,yes,no,3,5
R0008,004610065,00461,NATIONALLY THOUGH THE TREND IS BEGINNING TO TURN UPWARD AGAIN,NATIONALLY SO THE TREND IS BEGINNING TO TURN UPWARD AGAIN,NATIONALLY THOUGH THE TREND IN BEGINNING TO TURN UPWARD AGAIN,1,THOUGH,SO,DH->S@0,4,IS,IN,Z->N@1,1.784,2.025,0.604,0.744,3.047,3.569,1.589,1.65,yes,yes,3,5
R0009,004820201,00482,I FALL IN LOVE WITH MORE AND MORE EVERYDAY,I FILL IN LOVE WITH MORE AND MORE EVERYDAY,I FALL IT LOVE WITH MORE AND MORE EVERYDAY,1,FALL,FILL,AO->IH@1,2,IN,IT,N->T@1,0.661,0.941,0.222,0.443,1.042,1.122,0.503,0.564,yes,yes,3,8
R0010,005670348,00567,I WILL KNOW WHAT TO DO,I WILL NOW WHAT TO DO,I WILL KNOW WHAT DO DO,2,KNOW,NOW,OW->AW@1,4,TO,DO,T->D@0,1.068,1.35,0.345,0.488,1.834,2.036,0.813,0.935,yes,yes,3,6
R0011,005670356,00567,A SURGEON WAS AT WORK AMONG THE SUFFERERS,A SURGEON WAS AT WORK AMONG THEE SUFFERERS,A SURGEON WAS IT WORK AMONG THE SUFFERERS,6,THE,THEE,AH->IY@1,3,AT,IT,AE->IH@0,3.452,3.673,1.247,1.308,2.308,2.409,0.724,0.785,yes,yes,3,5
R0012,007360108,00736,THE CRIME RATE IS HIGH,THE CRIME RIGHT IS HIGH,THE CRIME RATE IN HIGH,2,RATE,RIGHT,EY->AY@1,3,IS,IN,Z->N@1,1.344,1.725,0.464,0.687,1.906,1.986,0.767,0.828,yes,yes,3,3
R0013,010610099,01061,LOWEN GOT ON THE BUS,LOWEN GOAT ON THE BUS,LOWEN GOT IN THE BUS,1,GOT,GOAT,AH->OW@1,2,ON,IN,AH->IH@0,1.283,1.764,0.365,0.588,1.904,2.205,0.669,0.73,yes,yes,3,7
R0014,010760089,01076,RARELY GOT THE SHIRT,RARELY GOAT THE SHIRT,,1,GOT,GOAT,AH->OW@1,,,,,1.85,2.373,0.426,0.588,,,,,no,yes,3,3
R0015,011860332,01186,I TELL YOU IT IS DEATH,I TELL YOU IT IS DEBT,I TELL YOU IN IS DEATH,5,DEATH,DEBT,TH->T@2,3,IT,IN,T->N@1,2.327,3.27,1.028,1.533,1.685,1.785,0.565,0.625,yes,yes,3,7
R0016,014040111,01404,MIKE WAS WALKING TO SCIENCE MUSEUM,MIKE WAYS WALKING TO SCIENCE MUSEUM,LIKE WAS WALKING TO SCIENCE MUSEUM,1,WAS,WAYS,AH->EY@1,0,MIKE,LIKE,M->L@0,2.449,2.67,0.341,0.462,0.0,0.06,0.0,0.281,yes,yes,3,4
R0017,014080279,01408,HAPPY SUNDAY IS A DAY OF PRAISE,HAPPY SUNDAY IS A DAY OF PRIZE,HAPPY SUNDAY IN A DAY OF PRAISE,6,PRAISE,PRIZE,EY->AY@2,2,IS,IN,Z->N@1,2.808,3.69,1.309,1.974,1.604,1.885,0.765,0.826,yes,yes,5,7
R0018,014180143,01418,LUCY WILL A READ IN JUNE SIXTH SEE,LUCY WILL A READ IN JIM SIXTH SEE,LUCY WILL A READ IT JUNE SIXTH SEE,5,JUNE,JIM,UW->IH@1;N->M@2,4,IN,IT,N->T@1,4.213,4.534,0.985,1.206,3.932,4.132,0.904,0.944,yes,yes,3,7
R0019,014220140,01422,TIM IS NOT A REAL STUDENT,TOM IS NOT A REAL STUDENT,TIM IS CUT A REAL STUDENT,0,TIM,TOM,IH->AA@1,2,NOT,CUT,N->K@0,0.0,0.04,0.0,0.161,1.687,2.008,0.322,0.463,yes,no,3,3
R0020,014350103,01435,HENNY GOT ON THE YACHT,HENNY GOT ON THE YET,HENNY GOT IN THE YACHT,4,YACHT,YET,AA->EH@1,2,ON,IN,AH->IH@0,2.295,3.16,0.726,1.231,1.328,1.429,0.545,0.585,yes,yes,3,3
R0021,014350127,01435,STEEVEN GOT THE CUCUMBER,STEEVEN GOAT THE CUCUMBER,STEEVEN GOT CA CUCUMBER,1,GOT,GOAT,AH->OW@1,2,THE,CA,DH->K@0,1.107,1.449,0.263,0.425,1.509,1.65,0.465,0.526,yes,yes,3,5
R0022,014390076,01439,LILLY HAS A BIG TOE,LILLY HAS A BIG TO,LILLY HAS A BEEN TOE,4,TOE,TO,OW->UW@1,3,BIG,BEEN,G->N@2,5.29,5.33,0.925,1.428,3.446,3.807,0.664,0.825,yes,no,3,8
R0023,014470150,01447,IS IT SO FATHER,IT IT SO FATHER,IS IT NO FATHER,0,IS,IT,Z->T@1,2,SO,NO,S->N@0,0.0,0.664,0.0,0.163,1.348,1.429,0.549,0.691,yes,yes,3,4
R0024,020300053,02030,LYNDA GOT THE SUNGLASSES,LYNDA GOAT THE SUNGLASSES,LYNDA GOT CA SUNGLASSES,1,GOT,GOAT,AH->OW@1,2,THE,CA,DH->K@0,1.443,1.643,0.382,0.522,2.184,2.444,0.562,0.623,yes,yes,3,7
R0025,020300073,02030,MIKE GOT THE SHORTS,MIKE GOAT THE SHORTS,LIKE GOT THE SHORTS,1,GOT,GOAT,AH->OW@1,0,MIKE,LIKE,M->L@0,0.903,1.524,0.324,0.446,0.0,0.822,0.0,0.284,yes,yes,3,4
R0026,022360321,02236,THERE'S NOTHING THAT UNUSUAL ABOUT THE STRUCTURE OF THE PLAN,THERE'S NOTHING THAT UNUSUAL ABOUT THE STRUCTURE OF THE PLANE,THERE'S NOTHING THAT UNUSUAL ABOUT THE STRUCTURE OF CA PLAN,9,PLAN,PLANE,AE->EY@2,8,THE,CA,DH->K@0,3.267,4.55,2.273,2.856,3.127,3.227,2.172,2.233,yes,yes,5,7
R0027,023800338,02380,THIS IS NO FANCY SKETCH BUT THE TRUTH,THIS IS NA FANCY SKETCH BUT THE TRUTH,THIS IN NO FANCY SKETCH BUT THE TRUTH,2,NO,NA,OW->AA@1,1,IS,IN,Z->N@1,1.065,1.286,0.343,0.444,0.904,1.005,0.222,0.303,yes,yes,3,8
R0028,024300131,02430,I MEAN IT WAS THE LAST SUPPER,I MEAN IT WAS THE LAST SUPER,I MEAN IN WAS THE LAST SUPPER,6,SUPPER,SUPER,AH->UW@1,2,IT,IN,T->N@1,2.146,3.089,1.504,1.985,1.043,1.264,0.441,0.642,yes,yes,5,8
R0029,025380158,02538,PUTTING ALL OF US AT RISK OF A NUCLEAR WAR,PUTTING ALL OF US AT RISK OF A NUCLEAR WAY,PUTTING ALL OF US IT RISK OF A NUCLEAR WAR,9,WAR,WAY,AO->EY@1,4,AT,IT,AE->IH@0,4.307,4.347,2.305,2.345,1.823,1.883,0.842,0.902,yes,no,3,7
R0030,030490142,03049,IT IS A LONG STORY,IT IS AH LONG STORY,IT IS A LONG STORED,2,A,AH,AH->AA@0,4,STORY,STORED,IY->D@4,0.824,0.864,0.605,0.625,3.194,3.274,0.928,1.533,yes,no,3,8
R0031,034120161,03412,THE YEAR WAS NOW OVER,THE YEAR WAS NO OVER,THE YEAR WAS NOW EVER,3,NOW,NO,AW->OW@1,4,OVER,EVER,OW->EH@0,1.631,1.853,0.562,0.703,2.034,2.96,0.844,1.266,yes,yes,3,8
R0032,050170099,05017,MY SONG MY SONG AND ALL THAT,MY SOON MY SONG AND ALL THAT,MY SONG MY SONG AND OR THAT,1,SONG,SOON,AH->UW@1;NG->N@2,5,ALL,OR,L->R@1,0.724,0.985,0.263,0.486,2.533,2.654,1.154,1.255,yes,yes,3,3
R0033,050170132,05017,NO SHE MUST JUST WAIT AND SEE WHAT WOULD HAPPEN,NO SHE MUST JUST WET AND SEE WHAT WOULD HAPPEN,SO SHE MUST JUST WAIT AND SEE WHAT WOULD HAPPEN,4,WAIT,WET,EY->EH@1,0,NO,SO,N->S@0,2.004,2.225,0.947,1.209,0.0,0.02,0.0,0.222,yes,no,3,6
R0034,054140010,05414,HOW COULD SHE LIVE AND WHAT WOULD SHE DO,HOW COULD SHE LIVE AND WHAT COULD SHE DO,HE COULD SHE LIVE AND WHAT WOULD SHE DO,6,WOULD,COULD,W->K@0,0,HOW,HE,AW->IY@1,3.154,3.375,1.225,1.365,0.0,0.04,0.0,0.141,yes,no,3,8
R0035,054320058,05432,SHE HAD HER HANDS FULL JUST THEN,SHE HAD HER HANDS FILL JUST THEN,SHE HAD HE HANDS FULL JUST THEN,4,FULL,FILL,UH->IH@1,2,HER,HE,ER->IY@1,1.828,2.15,0.685,0.866,1.246,1.447,0.282,0.363,yes,yes,3,6
R0036,054320118,05432,THEN HE WOULD BEGIN TO WORRY ABOUT HIS FUTURE,THEN HE COULD BEGIN TO WORRY ABOUT HIS FUTURE,THEIR HE WOULD BEGIN TO WORRY ABOUT HIS FUTURE,2,WOULD,COULD,W->K@0,0,THEN,THEIR,N->R@2,1.223,1.403,0.401,0.542,0.0,0.822,0.0,0.221,yes,yes,3,5
R0037,069120170,06912,BUT WE HAVE LOST THE BEST OF MEN,BUT WE HAD LOST THE BEST OF MEN,BUT SEE HAVE LOST THE BEST OF MEN,2,HAVE,HAD,V->D@2,1,WE,SEE,W->S@0,1.408,1.588,0.284,0.406,1.166,1.327,0.183,0.243,yes,yes,3,8
R0038,070010018,07001,MY PEOPLE WILL BRING YOU TO THE SHIP,MY PEOPLE WILL BRING YOU TO THE SHOP,ME PEOPLE WILL BRING YOU TO THE SHIP,7,SHIP,SHOP,IH->AA@1,0,MY,ME,AY->IY@1,13.628,13.688,1.348,1.811,0.0,0.02,0.0,0.181,yes,no,3,5
R0039,080020006,08002,TIME FOR A BIT OF HONOR,TIME FOR A BAT OF HONOR,TIME FAR A BIT OF HONOR,3,BIT,BAT,IH->AE@1,1,FOR,FAR,AO->AA@1,5.028,6.51,0.447,0.569,3.425,3.806,0.264,0.345,yes,yes,3,4
R0040,080020011,08002,LOVING LIFE AND ALL THE PEOPLE IN MINE,LOVING LIFE AND ALL THE PEOPLE IN MEAN,LOVING LIFE AND ALL THE PEOPLE IT MINE,7,MINE,MEAN,AY->IY@1,6,IN,IT,N->T@1,14.314,14.374,1.47,1.974,12.372,12.452,1.37,1.41,yes,yes,3,7
R0041,080020015,08002,WANT TO GO FOR A WALK,WANT TO GO FOR A WAKE,WANT TO SO FOR A WALK,5,WALK,WAKE,AO->EY@1,2,GO,SO,G->S@0,5.473,5.533,0.713,1.08,2.767,2.987,0.367,0.448,yes,yes,3,7
R0042,090880130,09088,DO YOU REALLY AND TRULY SAY SO,DO YOU REALLY AND TRULY SAY NO,DO YOU REALLY AND TRULY SEE SO,6,SO,NO,S->N@0,5,SAY,SEE,EY->IY@1,3.075,3.135,1.779,1.8,2.19,2.351,1.092,1.254,yes,yes,3,7
R0043,096000005,09600,I HAVE LOOKED WITH MY VERY EYES ON HELL,I HAVE LOOKED WITH MY VERY EYES ON HE'LL,I HAVE LOOKED WITH MY VERY EYES IN HELL,8,HELL,HE'LL,EH->IY@1,7,ON,IN,AH->IH@0,7.328,7.388,1.688,2.09,5.706,6.187,1.567,1.648,yes,yes,3,4
R0044,096000007,09600,HE MADE NO MOVE IT WOULD COME WHAT WOULD COME,HE MAKE NO MOVE IT WOULD COME WHAT WOULD COME,HE MADE NO MOVE IN WOULD COME WHAT WOULD COME,1,MADE,MAKE,D->K@2,4,IT,IN,T->N@1,1.081,1.461,0.181,0.342,3.943,4.103,0.804,0.904,yes,yes,3,3
R0045,096000010,09600,I THOUGHT I WOULD NEVER SMILE AGAIN,I THOUGHT I COULD NEVER SMILE AGAIN,,3,WOULD,COULD,W->K@0,,,,,3.404,3.625,0.522,0.663,,,,,no,yes,3,3
R0046,096000012,09600,THIS WAS THE MAN WHO HAD KILLED HIS FATHER,THIS WAS THE MAN WHO HAVE KILLED HIS FATHER,THIS WAS THE MAN TO HAD KILLED HIS FATHER,5,HAD,HAVE,D->V@2,4,WHO,TO,HH->T@0,4.208,4.689,0.985,1.086,3.346,4.108,0.844,0.925,yes,yes,3,5
R0047,096000013,09600,THEN I SAW HIM AT ONCE,THEN I SEE HIM AT ONCE,THEN I SAW HIM IT ONCE,2,SAW,SEE,AO->IY@1,4,AT,IT,AE->IH@0,1.743,2.344,0.303,0.505,3.986,5.168,0.727,0.787,yes,yes,3,3
R0048,096000014,09600,I MUST HAVE WALKED INTO IT,I MUST HAD WALKED INTO IT,I MUST HAVE WALKED INTO IN,2,HAVE,HAD,V->D@2,5,IT,IN,T->N@1,1.787,2.349,0.424,0.546,5.481,5.501,1.617,1.637,yes,no,3,4
R0049,096000015,09600,HE PUT HIS OTHER HAND ON THE WALL AS WELL,HE PUT HIS OTHER HAND ON THE WALL AS WILL,HE PUT HIS OTHER HAND IN THE WALL AS WELL,9,WELL,WILL,EH->IH@1,5,ON,IN,AH->IH@0,8.205,8.265,1.628,2.09,5.263,5.363,1.025,1.085,yes,yes,3,5
R0050,096000017,09600,SHE'S LEFT ME HERE TO FACE HIM ON MY OWN,SHE'S LEFT ME HERE TO FACE HIM ON MY ON,SHE'S LEFT ME HERE TO FACE HIM ON ME OWN,9,OWN,ON,OW->AA@0,8,MY,ME,AY->IY@1,7.951,7.991,1.726,2.148,7.45,7.49,1.586,1.666,yes,no,3,4
R0051,096000021,09600,IT WAS NOT LIKE SHE HAD ANY POWER OVER ANYTHING,IT WAS NOT LIKE SHE HAVE ANY POWER OVER ANYTHING,IN WAS NOT LIKE SHE HAD ANY POWER OVER ANYTHING,5,HAD,HAVE,D->V@2,0,IT,IN,T->N@1,3.384,3.985,1.068,1.169,0.0,0.02,0.0,0.161,yes,no,3,4
R0052,096010001,09601,THERE WAS NO WAY SHE COULD USE IT,THERE WAS NA WAY SHE COULD USE IT,THERE WAS NO WAY SHE COULD USE IN,2,NO,NA,OW->AA@1,7,IT,IN,T->N@1,1.784,2.025,0.321,0.402,7.318,7.338,1.768,1.788,yes,no,3,3
R0053,096010004,09601,SHE OPENED HER EYES STARING UP AT HIM,SHE OPENED HER EYES STARING UP EIGHT HIM,SEE OPENED HER EYES STARING UP AT HIM,6,AT,EIGHT,AE->EY@0,0,SHE,SEE,SH->S@0,6.867,7.147,1.375,1.436,0.0,0.721,0.0,0.121,yes,yes,3,5
R0054,096010007,09601,YOU MAY NOT WANT TO KNOW,YOU MY NOT WANT TO KNOW,TO MAY NOT WANT TO KNOW,1,MAY,MY,EY->AY@1,0,YOU,TO,Y->T@0,0.803,1.044,0.163,0.265,0.0,0.723,0.0,0.123,yes,yes,3,5
R0055,096010011,09601,THAT YOU LOVE ME AS MUCH AS I LOVE YOU,THAT YOU LOVE ME OZ MUCH AS I LOVE YOU,THAT TO LOVE ME AS MUCH AS I LOVE YOU,4,AS,OZ,AE->AA@0,1,YOU,TO,Y->T@0,1.684,1.844,0.744,0.824,0.802,0.922,0.221,0.322,yes,yes,3,4
R0056,096010015,09601,I TAKE THE TIME TO LOOK THE DOG OVER,I TAKE THE TIME TO LOCK THE DOG OVER,I TAKE THE TIME TO LOOK THE DONE OVER,5,LOOK,LOCK,UH->AA@1,7,DOG,DONE,G->N@2,2.725,2.985,0.983,1.124,3.907,4.067,1.284,1.505,yes,yes,3,3
R0057,096010016,09601,HE IS THE BEST COOK IN THE WORLD TOO,HE IS THE BEST CAKE IN THE WORLD TOO,HE IS THE BEST COOK IT THE WORLD TOO,4,COOK,CAKE,UH->EY@1,5,IN,IT,N->T@1,2.007,2.308,0.766,0.927,2.589,2.669,0.968,1.008,yes,yes,3,4
R0058,096010020,09601,SOMEWHERE THERE HAD TO BE A PLACE BETTER THAN THIS,SOMEWHERE THERE HAD TO BE A PLACE BETTER TAN THIS,SOMEWHERE THEN HAD TO BE A PLACE BETTER THAN THIS,8,THAN,TAN,DH->T@0,1,THERE,THEN,R->N@2,6.007,8.249,1.63,1.73,1.301,1.582,0.443,0.583,yes,yes,3,4
R0059,096010022,09601,IT IS NOT THE FACE HE KNOWS THOUGH,IT IS NOT THE FACE HIGH KNOWS THOUGH,IN IS NOT THE FACE HE KNOWS THOUGH,5,HE,HIGH,IY->AY@1,0,IT,IN,T->N@1,2.951,3.534,1.19,1.27,0.0,0.542,0.0,0.181,yes,yes,3,3
R0060,096040001,09604,HE JUMPED UP BUT ALL WAS STILL ABOUT HIM,HER JUMPED UP BUT ALL WAS STILL ABOUT HIM,HE JUMPED UP BIT ALL WAS STILL ABOUT HIM,0,HE,HER,IY->ER@1,3,BUT,BIT,AH->IH@1,0.0,0.02,0.0,0.161,2.486,2.867,0.644,0.705,yes,no,3,5
R0061,096040002,09604,SHE TURNED AND LOOKED AT HER OTHER FRIENDS,HE TURNED AND LOOKED AT HER OTHER FRIENDS,,0,SHE,HE,SH->HH@0,,,,,0.0,0.843,0.0,0.12,,,,,no,yes,3,3
R0062,096040008,09604,THERE WAS NO ONE LEFT,THIS WAS NO ONE LEFT,THERE WAS SO ONE LEFT,0,THERE,THIS,EH->IH@1;R->S@2,2,NO,SO,N->S@0,0.0,0.08,0.0,0.162,1.845,2.025,0.345,0.446,yes,yes,3,5
R0063,096040009,09604,THIS WAS NOT MY DAY,THIS WAS NOT WE DAY,THIS WAS NOT MY SAY,3,MY,WE,M->W@0;AY->IY@1,4,DAY,SAY,D->S@0,2.352,2.533,0.644,0.745,3.518,3.558,0.805,1.289,yes,no,3,6
R0064,096040011,09604,I WONDER WHAT WAS GOING ON OVER THERE,I WONDER WHAT WAS GOING ON OVER THIS,I WONDER WHAT WAS KNOWING ON OVER THERE,7,THERE,THIS,EH->IH@1;R->S@2,4,GOING,KNOWING,G->N@0,7.795,7.875,1.528,1.95,3.126,3.647,0.945,1.166,yes,yes,3,5
R0065,096040012,09604,SO ARE YOU HERE TO PLAY WITH ME,SHOW ARE YOU HERE TO PLAY WITH ME,SO ARE TO HERE TO PLAY WITH ME,0,SO,SHOW,S->SH@0,2,YOU,TO,Y->T@0,0.0,0.822,0.0,0.12,1.162,1.383,0.241,0.321,yes,yes,3,3
R0066,096040014,09604,IF YOU WANT TO PROVE SOMETHING THEN DO IT,IF YOU WANT TO PROVE SOMETHING THIS DO IT,IN YOU WANT TO PROVE SOMETHING THEN DO IT,6,THEN,THIS,EH->IH@1;N->S@2,0,IF,IN,F->N@1,4.632,5.454,1.253,1.415,0.0,0.722,0.0,0.121,yes,yes,3,4
R0067,096040015,09604,THAT WAS WHEN HE SAW IT,WHAT WAS WHEN HE SAW IT,,0,THAT,WHAT,DH->W@0;AE->AH@1,,,,,0.0,0.725,0.0,0.221,,,,,no,yes,3,5
R0068,096040021,09604,WHAT WAS HE DOING AT THIS MOMENT,WHAT WAYS HE DOING AT THIS MOMENT,WHAT WAS HE DOING IT THIS MOMENT,1,WAS,WAYS,AH->EY@1,4,AT,IT,AE->IH@0,1.162,1.262,0.263,0.364,2.063,2.303,0.808,0.869,yes,yes,3,3
R0069,096040023,09604,I AM RICH AND SO WAS MY FATHER BEFORE ME,I AM RICE AND SO WAS MY FATHER BEFORE ME,I AM RICH AND SO WAS ME FATHER BEFORE ME,2,RICH,RICE,IH->AY@1;CH->S@2,6,MY,ME,AY->IY@1,1.322,1.803,0.282,0.464,3.586,3.906,1.009,1.09,yes,yes,3,4
R0070,096040025,09604,THERE WAS NOTHING TO BE GAINED BY IT,THIS WAS NOTHING TO BE GAINED BY IT,,0,THERE,THIS,EH->IH@1;R->S@2,,,,,0.0,0.723,0.0,0.161,,,,,no,yes,3,3
R0071,096060001,09606,HE HAD COME OUT ON JOBS WITH ME BEFORE,HE HAD CAN OUT ON JOBS WITH ME BEFORE,HE HAD COME OUT IN JOBS WITH ME BEFORE,2,COME,CAN,AH->AE@1;M->N@2,4,ON,IN,AH->IH@0,1.224,1.485,0.362,0.503,2.509,2.73,0.784,0.864,yes,yes,3,3
R0072,096060002,09606,I JUST LOOK AT HIM,I JUST LIKE AT HIM,I JUST LOOK IT HIM,2,LOOK,LIKE,UH->AY@1,3,AT,IT,AE->IH@0,3.03,3.392,0.466,0.628,4.034,4.134,0.689,0.73,yes,yes,3,4
R0073,096060004,09606,BUT SHE IS MY LIFE,BUT HUH IS MY LIFE,BUT SHE IN MY LIFE,1,SHE,HUH,SH->HH@0;IY->AH@1,2,IS,IN,Z->N@1,0.745,1.691,0.202,0.323,1.973,2.074,0.384,0.465,yes,yes,2,3
R0074,096060005,09606,IN HIS EYES HE ONLY SAW HER,IS HIS EYES HE ONLY SAW HER,IN HAS EYES HE ONLY SAW HER,0,IN,IS,N->Z@1,1,HIS,HAS,IH->AE@1,0.0,0.02,0.0,0.141,0.502,0.943,0.202,0.302,yes,no,3,4
R0075,096060009,09606,IT WAS AN AWFUL THING YET WHAT COULD HE DO,IT WAS AN AWFUL THING YET WHAT COULD HE IS,IT WAS IN AWFUL THING YET WHAT COULD HE DO,9,DO,IS,D->IH@0;UH->Z@1,2,AN,IN,AE->IH@0,9.41,9.43,2.372,2.392,2.062,2.643,0.623,0.683,yes,no,3,5
R0076,096060017,09606,HE MUST TURN AROUND TO SEE IF IT IS HER,SHE MUST TURN AROUND TO SEE IF IT IS HER,HE MUST LEARN AROUND TO SEE IF IT IS HER,0,HE,SHE,HH->SH@0,2,TURN,LEARN,T->L@0,0.0,1.122,0.0,0.121,1.963,2.925,0.362,0.542,yes,yes,3,4
R0077,096060020,09606,I ASKED AS HE MADE A LONG PAUSE,I ASKED AS HE MAKE A LONG PAUSE,I ASKED IS HE MADE A LONG PAUSE,4,MADE,MAKE,D->K@2,2,AS,IS,AE->IH@0,4.01,4.27,0.749,0.871,2.305,2.606,0.567,0.628,yes,yes,3,3
R0078,096060022,09606,THAT WAS ALL SHE NEEDED TO DO RIGHT,THIS WAS ALL SHE NEEDED TO DO RIGHT,THAT WAS OR SHE NEEDED TO DO RIGHT,0,THAT,THIS,AE->IH@1;T->S@2,2,ALL,OR,L->R@1,0.0,1.022,0.0,0.182,2.003,2.384,0.404,0.525,yes,yes,3,6
R0079,096070003,09607,HE WOULD DO IT FOR THEM YES FOR THEM,HE SHOULD DO IT FOR THEM YES FOR THEM,HE WOULD DO IN FOR THEM YES FOR THEM,1,WOULD,SHOULD,W->SH@0,3,IT,IN,T->N@1,0.943,1.284,0.141,0.261,1.946,2.006,0.623,0.804,yes,yes,3,6
R0080,096070008,09607,THEY THOUGHT SHE WAS GOING TO WALK OUT AGAIN,THEY THICK SHE WAS GOING TO WALK OUT AGAIN,THE THOUGHT SHE WAS GOING TO WALK OUT AGAIN,1,THOUGHT,THICK,AO->IH@1;T->K@2,0,THEY,THE,EY->AH@1,1.022,1.583,0.223,0.425,0.0,0.922,0.0,0.162,yes,yes,3,4
R0081,096070014,09607,HE WALKED INTO THE ROOM HE HAD JUMPED FROM,HE WALKED INTO THE ROOM HE HAVE JUMPED FROM,HE WALKED INTO THE RULE HE HAD JUMPED FROM,6,HAD,HAVE,D->V@2,4,ROOM,RULE,M->L@2,4.669,5.19,1.132,1.253,3.206,3.407,0.788,0.95,yes,yes,3,5
R0082,096070016,09607,THAT WAS WHEN SHE SAW IT,THAT WAS WHEN SHE SEE IT,THAT WAS ONE SHE SAW IT,4,SAW,SEE,AO->IY@1,2,WHEN,ONE,EH->AH@1,3.19,3.471,0.905,1.086,1.665,2.247,0.563,0.724,yes,yes,3,4
R0083,096070017,09607,SHE HAD HER HAND OVER HER LEFT CHECK,SHE HAVE HER HAND OVER HER LEFT CHECK,SHE HAD HE HAND OVER HER LEFT CHECK,1,HAD,HAVE,D->V@2,2,HER,HE,ER->IY@1,1.104,1.565,0.142,0.243,1.645,2.147,0.283,0.364,yes,yes,3,5
R0084,096070021,09607,HE STILL HAD TO MAKE IT THROUGH THE NIGHT,HE STILL HAD TO MADE IT THROUGH THE NIGHT,HE STILL HAD TO MAKE IT THROUGH THE NOT,4,MAKE,MADE,K->D@2,8,NIGHT,NOT,AY->AA@1,2.849,3.17,0.704,1.005,5.237,6.12,1.568,1.95,yes,yes,3,3
R0085,096080003,09608,YOU MUST NOT THINK OF THE PAST NOW,YOU MUST NOT THINK OF THE PAST NO,,7,NOW,NO,AW->OW@1,,,,,7.168,7.208,1.736,1.776,,,,,no,no,3,4
R0086,096080005,09608,SHE WISHED THAT SHE HAD NEVER COME HERE,SHE WISHED THAT SHE HAD NEVER CON HERE,SHE WISHED THAT SHE HEAD NEVER COME HERE,6,COME,CON,AH->AA@1;M->N@2,4,HAD,HEAD,AE->EH@1,5.005,5.746,1.053,1.195,3.664,4.165,0.668,0.749,yes,yes,3,5
R0087,096080006,09608,THEY WERE ALREADY IN AND SEEMED LIKE THEY SAW NOTHING,THEY WERE ALREADY IN AND SEEMED LIKE THE SAW NOTHING,THE WERE ALREADY IN AND SEEMED LIKE THEY SAW NOTHING,7,THEY,THE,EY->AH@1,0,THEY,THE,EY->AH@1,5.41,6.011,1.535,1.656,0.0,0.802,0.0,0.141,yes,yes,3,3
R0088,096080007,09608,THE SAME LOOK OF CONFUSION IS ON HIS FACE,THE SAME LOOK OF CONFUSION IN ON HIS FACE,,5,IS,IN,Z->N@1,,,,,3.691,4.393,1.344,1.384,,,,,no,yes,3,4
R0089,096080010,09608,SO THIS WAS ALL OVER HIM,SO THIS WAS ODD OVER HIM,NO THIS WAS ALL OVER HIM,3,ALL,ODD,AO->AA@0;L->D@1,0,SO,NO,S->N@0,2.363,2.644,0.668,0.789,0.0,0.961,0.0,0.142,yes,yes,3,4
R0090,096080015,09608,SHE HAVE TO MAKE UP THINGS IF EVER,SHE HAVE TO MIKE UP THINGS IF EVER,SHE HAD TO MAKE UP THINGS IF EVER,3,MAKE,MIKE,EY->AY@1,1,HAVE,HAD,V->D@2,2.603,2.944,0.423,0.564,1.241,1.522,0.161,0.282,yes,yes,3,5
R0091,096080017,09608,SHE CLOSED HER EYES AND THOUGHT BACK,SHE CLOSED HER IS AND THOUGHT BACK,SHE CLOSED HER EYES END THOUGHT BACK,3,EYES,IS,AY->IH@0,4,AND,END,AE->EH@0,2.284,2.805,0.686,0.848,2.965,3.206,0.929,1.009,yes,yes,3,3
R0092,096080023,09608,I SUPPOSE IT IS BETTER THAT YOU SHOULD TELL ME,I SUPPOSE IT IS BETTER THAT YOU SHOULD DEN ME,I SUPPOSE IN IS BETTER THAT YOU SHOULD TELL ME,8,TELL,DEN,T->D@0;L->N@2,2,IT,IN,T->N@1,5.005,5.505,1.855,2.037,1.522,1.662,0.605,0.686,yes,yes,3,4
R0093,096080027,09608,YOU HAVE TO CHANGE WITH THEM OR BE LEFT BEHIND,YOU HAVE TO CHANGE WILL THEM OR BE LEFT BEHIND,YOU HAD TO CHANGE WITH THEM OR BE LEFT BEHIND,4,WITH,WILL,TH->L@2,1,HAVE,HAD,V->D@2,3.189,3.65,0.987,1.108,0.943,1.243,0.201,0.343,yes,yes,3,5
R0094,096090003,09609,THE GIRL THEN LOOKED AT HER HAND,THE GIRL TAKE LOOKED AT HER HAND,THE GIRL THEN LOOKED AT HE HAND,2,THEN,TAKE,DH->T@0;EH->EY@1;N->K@2,5,HER,HE,ER->IY@1,3.945,5.367,0.362,0.483,13.638,13.858,0.905,0.986,yes,yes,3,4
R0095,096090005,09609,WHAT WILL THEY DO IF SOMETHING HAPPENS TO ME,WHAT WILL THE DO IF SOMETHING HAPPENS TO ME,ONE WILL THEY DO IF SOMETHING HAPPENS TO ME,2,THEY,THE,EY->AH@1,0,WHAT,ONE,T->N@2,1.303,1.583,0.382,0.483,0.0,0.742,0.0,0.181,yes,yes,3,5
R0096,096090006,09609,WE HAVE THE BEST PEOPLE ON THIS,WE HAVE THE BEST PEOPLE ON THEN,,6,THIS,THEN,IH->EH@1;S->N@2,,,,,6.353,6.834,1.188,1.672,,,,,no,yes,3,3
R0097,096090011,09609,I COULD JUST BARELY SEE IT FROM HERE,I COULD JUST BARELY SEE IT FROM HE'S,,7,HERE,HE'S,IH->IY@1;AH->Z@2,,,,,9.472,11.074,1.896,2.299,,,,,no,yes,3,4
R0098,096090014,09609,I MADE HIM LOOK ME INTO THE EYES,I MADE HIM LOOK ME INTER THE EYES,,5,INTO,INTER,UW->ER@3,,,,,6.928,7.329,0.93,1.072,,,,,no,yes,5,5
R0099,096090019,09609,I WAS FOUND BY THEM WHEN I WAS A BABY,I WAS FOUND BY THEM WORSE I WAS A BABY,I WAS FOUND BE THEM WHEN I WAS A BABY,5,WHEN,WORSE,EH->ER@1;N->S@2,3,BY,BE,AY->IY@1,6.208,6.668,0.966,1.107,4.125,4.225,0.564,0.664,yes,yes,3,3
R0100,096090020,09609,BUT EVEN THAT IS PUTTING HER WILL FIRST,BUT EVEN THAT IS PUTTING HE WILL FIRST,BUT EVEN THAT IN PUTTING HER WILL FIRST,5,HER,HE,AH->IY@1,3,IS,IN,Z->N@1,5.632,7.115,0.983,1.063,3.748,4.229,0.562,0.642,yes,yes,3,4
R0101,096090021,09609,SO I WILL MAKE A BARGAIN WITH YOU,SO I WORD MAKE A BARGAIN WITH YOU,NO I WILL MAKE A BARGAIN WITH YOU,2,WILL,WORD,IH->ER@1;L->D@2,0,SO,NO,S->N@0,1.642,1.783,0.222,0.364,0.0,0.901,0.0,0.101,yes,yes,3,5
R0102,096090023,09609,I HAVE WATCHED YOU LONG ENOUGH TO KNOW THAT,I HAVE WATCHED YOU LOOK ENOUGH TO KNOW THAT,I HAD WATCHED YOU LONG ENOUGH TO KNOW THAT,4,LONG,LOOK,AH->UH@1;NG->K@2,1,HAVE,HAD,V->D@2,4.623,5.163,0.822,0.963,1.201,1.501,0.18,0.321,yes,yes,2,3
R0103,096090025,09609,BUT WHERE WAS SHE THAT SHE SEEMED SO ABSENT,BUT WHERE WAS SHE TAKE SHE SEEMED SO ABSENT,BUT WHERE WAS SHE THAT SHE SEEMED NO ABSENT,4,THAT,TAKE,DH->T@0;AE->EY@1;T->K@2,7,SO,NO,S->N@0,3.762,4.122,0.887,1.008,5.963,6.344,1.512,1.633,yes,yes,3,5
R0104,096090026,09609,HE WAS AT A BETTER PLACE,HIGH WAS AT A BETTER PLACE,,0,HE,HIGH,IY->AY@1,,,,,0.0,0.02,0.0,0.122,,,,,no,no,3,3
R0105,096090027,09609,SHE ACCEPTED IT AND PUT IT WITH HER THINGS,SHE ACCEPTED IT AND PUT IT WORTH HER THINGS,SHE ACCEPTED IT END PUT IT WITH HER THINGS,6,WITH,WORTH,IH->ER@1,3,AND,END,AE->EH@0,6.372,6.873,1.937,2.058,4.589,4.709,1.231,1.311,yes,yes,3,4
R0106,096100005,09610,SHOULD I KNOW HER AGAIN IF I SAW HER,COULD I KNOW HER AGAIN IF I SAW HER,SHOULD I KNOW HER AGAIN IN I SAW HER,0,SHOULD,COULD,SH->K@0,5,IF,IN,F->N@1,0.0,0.863,0.0,0.121,4.976,5.176,0.81,0.87,yes,yes,3,7
R0107,096100017,09610,THERE WAS NOTHING LEFT FOR ME,HAIR WAS NOTHING LEFT FOR ME,THERE WAS NOTHING LEFT FOR SEE,0,THERE,HAIR,DH->HH@0,5,ME,SEE,M->S@0,0.0,1.042,0.0,0.181,5.109,6.01,1.108,1.37,yes,yes,3,5
R0108,096100019,09610,IT WAS WHEN I WAS VERY YOUNG,IT WAS WIN I WAS VERY YOUNG,IT WAS WHEN I WAS VERY TONGUE,2,WHEN,WIN,EH->IH@1,6,YOUNG,TONGUE,Y->T@0,2.243,2.643,0.749,0.871,5.988,6.068,1.337,1.823,yes,yes,3,6
R0109,096110001,09611,THEY JUST WANTED TO MAKE SURE I WAS ALL RIGHT,HE JUST WANTED TO MAKE SURE I WAS ALL RIGHT,THEY JUST WANTED DO MAKE SURE I WAS ALL RIGHT,0,THEY,HE,DH->HH@0;EY->IY@1,3,TO,DO,T->D@0,0.0,0.623,0.0,0.141,1.507,1.808,0.727,0.827,yes,yes,3,4
R0110,096110002,09611,HE COULD SEE IT WISH HE COULD NOT,SHE COULD SEE IT WISH HE COULD NOT,HE COULD D IT WISH HE COULD NOT,0,HE,SHE,HH->SH@0,2,SEE,D,S->D@0,0.0,0.02,0.0,0.161,1.223,1.544,0.402,0.563,yes,no,3,5
R0111,096110005,09611,IT IS YOU WHO IS NO MATCH FOR ME,IT IS YOU WHO IS NA MATCH FOR ME,IT IS YOU TO IS NO MATCH FOR ME,5,NO,NA,OW->AA@1,3,WHO,TO,HH->T@0,3.183,3.323,1.144,1.245,2.362,2.663,0.903,0.984,yes,yes,3,5
R0112,096110012,09611,I BELIEVE WE SHOULD ALL COME WITH YOU,I BELIEVE WE SHOULD ALL COME WILL YOU,I BELIEVE WE SHOULD OR COME WITH YOU,6,WITH,WILL,TH->L@2,4,ALL,OR,L->R@1,4.089,4.35,1.268,1.368,3.187,3.328,0.865,0.986,yes,yes,3,4
R0113,096110014,09611,I HAD TO TURN MYSELF AROUND AND GO BACK,I HAVE TO TURN MYSELF AROUND AND GO BACK,I HAD TO TURN MYSELF AROUND AND SO BACK,1,HAD,HAVE,D->V@2,7,GO,SO,G->S@0,0.742,0.922,0.222,0.343,3.628,3.788,1.734,1.835,yes,yes,3,6
R0114,096110015,09611,I TURNED TO LOOK BEHIND ME AND SAW NOTHING,I TURNED TO LOOK BEHIND ME AND SEE NOTHING,I TURNED TO LOOK BEHIND ME END SAW NOTHING,7,SAW,SEE,AO->IY@1,6,AND,END,AE->EH@0,4.346,4.606,1.489,1.67,3.325,3.505,1.368,1.448,yes,yes,3,7
R0115,096110016,09611,IT WAS THE JAPANESE MAN FROM THE OTHER NIGHT,IT HAS THE JAPANESE MAN FROM THE OTHER NIGHT,IN WAS THE JAPANESE MAN FROM THE OTHER NIGHT,1,WAS,HAS,W->HH@0;AH->AE@1,0,IT,IN,T->N@1,0.481,0.681,0.505,0.646,0.0,0.02,0.0,0.202,yes,no,3,5
R0116,096110017,09611,HE SEEMED MADE TO LIVE WITH NO ONE BUT HIMSELF,HE SEEMED MAKE TO LIVE WITH NO ONE BUT HIMSELF,HE SEEMED MADE TO LIVE WITH NO WHAT BUT HIMSELF,2,MADE,MAKE,D->K@2,7,ONE,WHAT,N->T@2,1.362,1.623,0.521,0.641,4.507,4.587,1.564,1.744,yes,yes,3,3
R0117,096110019,09611,WHY WOULD SHE WANT HIM IN THE FIRST PLACE,WHY WOULD SEE WANT HIM IN THE FIRST PLACE,WHY WOULD SHE WANT HIM IT THE FIRST PLACE,2,SHE,SEE,SH->S@0,5,IN,IT,N->T@1,1.862,2.103,0.423,0.504,3.084,3.344,0.926,0.967,yes,yes,3,5
R0118,096110021,09611,BUT THAN THERE WAS STILL HER FATHER,BUT THAN THERE WAS STILL HE FATHER,BUT THAN THERE ONE STILL HER FATHER,5,HER,HE,AH->IY@1,3,WAS,ONE,Z->N@2,3.013,3.776,0.764,0.865,1.988,2.31,0.382,0.442,yes,yes,3,3
R0119,096110022,09611,WHAT ELSE IS THERE TO DO HERE,WHAT ELSE IT THERE TO DO HERE,ONE ELSE IS THERE TO DO HERE,2,IS,IT,Z->T@1,0,WHAT,ONE,T->N@2,1.287,1.367,0.487,0.568,0.0,0.724,0.0,0.142,yes,yes,3,4
R0120,096120003,09612,THERE WAS REALLY NO WINNING WITH HER WAS THERE,THERE WAS REALLY NO WINNING WITH SHE WAS THERE,THERE WAS REALLY NO WINNING WITH HER ONE THERE,6,HER,SHE,HH->SH@0;ER->IY@1,7,WAS,ONE,Z->N@2,5.249,5.609,1.192,1.272,6.15,6.37,1.333,1.454,yes,yes,2,5
R0121,096120005,09612,HE HAD THOUGHT THEY WOULD NEVER COME BACK,SHE HAD THOUGHT THEY WOULD NEVER COME BACK,HE HAD THOUGHT THE WOULD NEVER COME BACK,0,HE,SHE,HH->SH@0,3,THEY,THE,EY->AH@1,0.0,0.901,0.0,0.121,2.162,2.743,0.585,0.686,yes,yes,3,4
R0122,096120006,09612,BUT WHAT TRICK DO YOU HAVE FOR US NOW,BUT WHAT TRICK DO YOU HAD FOR US NOW,BUT WHAT TRICK DO YOU HAVE LAW US NOW,5,HAVE,HAD,V->D@2,6,FOR,LAW,F->L@0,2.751,3.072,1.046,1.167,3.334,3.936,1.207,1.288,yes,yes,3,5
R0123,096120009,09612,IF SHE WANTED TO SHE COULD BE VERY POPULAR,IF HE WANTED TO SHE COULD BE VERY POPULAR,IN SHE WANTED TO SHE COULD BE VERY POPULAR,1,SHE,HE,SH->HH@0,0,IF,IN,F->N@1,0.742,1.023,0.201,0.302,0.0,0.642,0.0,0.161,yes,yes,3,7
R0124,096120010,09612,THEY HAD TO LET GO,THEY HAVE TO LET GO,THEY HAD TO LOT GO,1,HAD,HAVE,D->V@2,3,LET,LOT,EH->AA@1,0.922,1.243,0.163,0.264,1.764,2.065,0.406,0.528,yes,yes,3,3
R0125,096120011,09612,BUT WE LOOKED LIKE THAT A LONG LONG TIME AGO,BUT V LOOKED LIKE THAT A LONG LONG TIME AGO,BUT WE LOOKED LIKE THAN A LONG LONG TIME AGO,1,WE,V,W->V@0,4,THAT,THAN,T->N@2,1.022,1.202,0.221,0.301,2.043,2.444,0.823,0.944,yes,yes,3,7
R0126,096120012,09612,HE TURNED AROUND AND WALKED AWAY TO THE PLATFORM,SHE TURNED AROUND AND WALKED AWAY TO THE PLATFORM,HE TURNED AROUND END WALKED AWAY TO THE PLATFORM,0,HE,SHE,HH->SH@0,3,AND,END,AE->EH@0,0.0,0.02,0.0,0.141,2.367,2.547,0.787,0.847,yes,no,3,5
R0127,096120015,09612,HE SHOULD BE ABLE TO SEE IT FROM HERE,HE SHOULD BE ABLE TO SA IT FROM HERE,HE SHOULD BE ABLE TO SEE IN FROM HERE,5,SEE,SA,IY->AA@1,6,IT,IN,T->N@1,2.531,2.952,1.064,1.244,3.033,3.294,1.325,1.425,yes,yes,3,6
R0128,096120016,09612,HE WAS STILL AT HOME,SHE WAS STILL AT HOME,HE WAS STILL IT HOME,0,HE,SHE,HH->SH@0,3,AT,IT,AE->IH@0,0.0,0.887,0.0,0.102,1.934,2.035,0.53,0.57,yes,yes,3,3
R0129,096120017,09612,HE ASKED HER ONE DAY,HE ASKED SHE ONE DAY,HE ASKED HER WHAT DAY,2,HER,SHE,HH->SH@0;AH->IY@1,3,ONE,WHAT,N->T@2,1.506,1.787,0.563,0.663,2.429,2.55,0.764,0.864,yes,yes,3,4
R0130,096120018,09612,SHE HAD NOTHING BETTER TO DO THAT NIGHT,SHE HAVE NOTHING BETTER TO DO THAT NIGHT,SHE HAD NOTHING BETTER TO DO THAT NOT,1,HAD,HAVE,D->V@2,7,NIGHT,NOT,AY->AA@1,0.963,1.164,0.121,0.222,3.974,4.777,1.35,1.753,yes,yes,3,7
R0131,096120019,09612,HE WAS FACE TO FACE WITH THE GIRL,SHE WAS FACE TO FACE WITH THE GIRL,HE WAS FACE TO FACE WILL THE GIRL,0,HE,SHE,HH->SH@0,5,WITH,WILL,DH->L@2,0.0,0.864,0.0,0.101,2.832,3.696,0.991,1.112,yes,yes,3,6
R0132,096120020,09612,BUT THAT IS AT AN END,BUT THIS IS AT AN END,BUT THAT IS IT AN END,1,THAT,THIS,AE->IH@1;T->S@2,3,AT,IT,AE->IH@0,0.06,0.782,0.163,0.284,1.805,1.885,0.488,0.549,yes,yes,3,4
R0133,096130007,09613,THERE IS NO PLACE FOR ME IN HIS HEART,THERE IS NA PLACE FOR ME IN HIS HEART,THERE IN NO PLACE FOR ME IN HIS HEART,2,NO,NA,OW->AA@1,1,IS,IN,Z->N@1,1.125,1.205,0.323,0.443,0.904,1.065,0.222,0.282,yes,yes,3,4
R0134,096130011,09613,I JUST NEED TO GO THERE,I JUST NEED TO GO HAIR,I JUST NEED TO SO THERE,5,THERE,HAIR,DH->HH@0,4,GO,SO,G->S@0,3.829,3.929,0.925,1.347,2.506,2.726,0.764,0.864,yes,yes,3,5
R0135,096140002,09614,I NEVER THOUGHT YOU WOULD BE ONE FOR THE SUBURBS,I NEVER TOUCH YOU WOULD BE ONE FOR THE SUBURBS,I NEVER THOUGHT YOU WOULD BE WHAT FOR THE SUBURBS,2,THOUGHT,TOUCH,TH->T@0;AO->AH@1;T->CH@2,6,ONE,WHAT,N->T@2,1.225,1.486,0.482,0.682,3.494,3.614,1.264,1.364,yes,yes,3,3
R0136,096140016,09614,THAT WAS THE FIRST THING ABOUT HER THAT ATTRACTED ME,THAT WAS THE FIRST THING ABOUT HE THAT ATTRACTED ME,THAN WAS THE FIRST THING ABOUT HER THAT ATTRACTED ME,6,HER,HE,AH->IY@1,0,THAT,THAN,T->N@2,4.802,5.123,1.384,1.485,0.0,0.8,0.0,0.181,yes,yes,3,4
R0137,096150012,09615,THERE WAS ONCE AGAIN SILENCE SO I LET IT BE,THERE WAS ONCE AGAIN SILENCE SO I LIT IT BE,THERE WAS ONCE AGAIN SILENCE SO I LET IN BE,7,LET,LIT,EH->IH@1,8,IT,IN,T->N@1,9.548,9.988,1.527,1.668,10.889,11.269,1.708,1.848,yes,yes,3,4
R0138,096150026,09615,I ACTUALLY OPENED MY EYES AND SAW WHERE I WAS,I ACTUALLY OPENED MY EYES AND SEE WHERE I WAS,I ACTUALLY OPENED ME EYES AND SAW WHERE I WAS,6,SAW,SEE,AO->IY@1,3,MY,ME,AY->IY@1,11.23,11.61,1.768,1.929,5.525,5.725,1.105,1.205,yes,yes,3,4
R0139,096150027,09615,HE WAS EVER THE SAME TO ME,HE WAS EVER THE SAM TO ME,HE WAS EVER THE SAME TO SEE,4,SAME,SAM,EY->AE@1,6,ME,SEE,M->S@0,3.491,4.394,0.589,0.792,6.501,6.521,1.036,1.3,yes,no,3,6
R0140,096150028,09615,SHE MUST BE COMING FOR ME AGAIN,HE MUST BE COMING FOR ME AGAIN,SHE MUST SEE COMING FOR ME AGAIN,0,SHE,HE,SH->HH@0,2,BE,SEE,B->S@0,0.0,0.962,0.0,0.081,2.444,2.905,0.364,0.445,yes,yes,3,5
R0141,096160001,09616,HE LOOKED UP AND SAW A MAN,HER LOOKED UP AND SAW A MAN,HE LOOKED UP AND SAW A CAN,0,HE,HER,IY->ER@1,6,MAN,CAN,M->K@0,0.0,0.02,0.0,0.121,14.179,15.16,1.434,1.474,yes,no,3,4
R0142,096160006,09616,THERE WERE OTHER PEOPLE IN THE CARRIAGE WITH THEM,THERE WERE OTHER PEOPLE IN THE CARRIAGE WORTH THEM,THERE WERE OTHER PEOPLE IT THE CARRIAGE WITH THEM,7,WITH,WORTH,IH->ER@1,4,IN,IT,N->T@1,6.897,7.739,1.451,1.692,3.268,3.428,0.866,0.927,yes,yes,3,3
R0143,096160008,09616,I DROPPED MY HAND AND PUT IT ON MY SIDE,I DROPPED MY HAND AND PUT IT AN MY SIDE,I DROPPED MY HAND AND PUT IN ON MY SIDE,7,ON,AN,AH->AE@0,6,IT,IN,T->N@1,5.424,5.745,1.737,1.798,4.904,5.004,1.353,1.434,yes,yes,3,5
R0144,096160016,09616,I SHOULD HAVE THOUGHT IT THROUGH,I SHOWED HAVE THOUGHT IT THROUGH,I SHOULD HAD THOUGHT IT THROUGH,1,SHOULD,SHOWED,UH->OW@1,2,HAVE,HAD,V->D@2,1.042,1.903,0.243,0.406,2.284,2.685,0.446,0.527,yes,yes,3,4
R0145,096160020,09616,HE STARTED TO ASK IF I WAS ALL RIGHT,HE STARTED TO ASK IF I WAS ALL RATE,HE STARTED TO ASK IN I WAS ALL RIGHT,8,RIGHT,RATE,AY->EY@1,4,IF,IN,F->N@1,6.372,7.434,1.611,1.974,3.487,4.288,1.047,1.108,yes,yes,3,5
R0146,096170003,09617,HE LOOKED HERE AND THERE,HER LOOKED HERE AND THERE,HE LOOKED HERE AND THEN,0,HE,HER,IY->ER@1,4,THERE,THEN,R->N@2,0.0,0.02,0.0,0.141,2.93,3.01,0.704,1.126,yes,no,3,5
R0147,096170004,09617,YOU MAY NOT BE WHO YOU THINK YOU ARE,YOU MY NOT BE WHO YOU THINK YOU ARE,TO MAY NOT BE WHO YOU THINK YOU ARE,1,MAY,MY,EY->AY@1,0,YOU,TO,Y->T@0,0.803,1.064,0.182,0.282,0.0,0.662,0.0,0.141,yes,yes,3,7
R0148,096170006,09617,BUT NOW FOR THE FIRST TIME SOMETHING HAD MESSED UP,BUT NOW FOR THE FIRST TIME SOMETHING HAD MISSED UP,BUT NOW FOR THE FIRST TIME SOMETHING HAD MESSED US,8,MESSED,MISSED,EH->IH@1,9,UP,US,P->S@1,4.455,4.796,1.755,1.977,5.86,5.88,2.36,2.38,yes,no,5,7
R0149,096170015,09617,HE TURNED AND ASKED THEM,HER TURNED AND ASKED THEM,HE TURNED END ASKED THEM,0,HE,HER,IY->ER@1,2,AND,END,AE->EH@0,0.0,0.02,0.0,0.142,1.444,1.564,0.546,0.627,yes,no,3,4
R0150,096170021,09617,SO THAT IS WHAT I WANT TO BE CALLED,SO THAT IS WHAT I WANT TO BE COLD,NO THAT IS WHAT I WANT TO BE CALLED,8,CALLED,COLD,AO->OW@1,0,SO,NO,S->N@0,4.196,4.337,1.205,1.707,0.0,0.643,0.0,0.12,yes,yes,5,7
R0151,096170023,09617,I LEFT THIS PLACE BECAUSE OF HIM,I LIFT THIS PLACE BECAUSE OF HIM,I LEFT THUS PLACE BECAUSE OF HIM,1,LEFT,LIFT,EH->IH@1,2,THIS,THUS,IH->AH@1,0.482,0.964,0.182,0.384,1.004,1.105,0.425,0.587,yes,yes,5,6
R0152,096170024,09617,NOW SHE HAD TO DO THE SAME,NOW SHE HEARD TO DO THE SAME,NOW SHE HAD TO DO CA SAME,2,HAD,HEARD,AE->ER@1,5,THE,CA,DH->K@0,1.684,1.884,0.444,0.545,2.505,2.786,0.788,0.869,yes,yes,3,4
R0153,096180001,09618,AND SHE WAS INTIMATE WITH HIM AS AT FIRST,AND SHE WAS INTIMATE WITH HIS AS AT FIRST,END SHE WAS INTIMATE WITH HIM AS AT FIRST,5,HIM,HIS,M->Z@2,0,AND,END,AE->EH@0,3.589,3.749,1.063,1.204,0.0,0.662,0.0,0.161,yes,yes,3,5
R0154,096180016,09618,BUT NOT VERY LONG WAS SHE LEFT IN DOUBT,BUT NOT VERY LONG WAS SHE LIFT IN DOUBT,BUT NOT VERY LONG WAS SHE LEFT IT DOUBT,6,LEFT,LIFT,EH->IH@1,7,IN,IT,N->T@1,3.127,3.548,1.291,1.493,3.849,3.969,1.554,1.594,yes,yes,5,3
R0155,096180020,09618,AND THEN THERE WAS AN END OF IT,AND THEN THERE WAYS AN END OF IT,AND THEN THERE WAS AN AND OF IT,3,WAS,WAYS,AH->EY@1,5,END,AND,EH->AH@0,1.744,2.345,0.527,0.608,4.69,4.91,0.75,0.852,yes,yes,3,7
R0156,096180021,09618,I ASKED NOT EVEN LOOKING UP AT HIM,I ASKED NOT EVEN LOOKING UP IT HIM,I ASKED NOT EVEN LOOKING US AT HIM,6,AT,IT,AE->IH@0,5,UP,US,P->S@1,3.952,4.153,1.585,1.625,3.772,3.892,1.425,1.525,yes,yes,3,7
R0157,096190016,09619,HE ASKED AS HE PUT HIS ARM AROUND HER,HE ASKED AS HE PETE HIS ARM AROUND HER,HE ASKED IS HE PUT HIS ARM AROUND HER,4,PUT,PETE,UH->IY@1,2,AS,IS,AE->IH@0,3.145,3.305,0.886,1.007,0.941,1.322,0.665,0.725,yes,yes,3,5
R0158,096190021,09619,I NEED TO MAKE IT,I NEED TO MADE IT,I SEED TO MAKE IT,3,MAKE,MADE,K->D@2,1,NEED,SEED,N->S@0,2.693,2.954,0.544,1.067,0.844,1.246,0.201,0.403,yes,yes,3,7
R0159,096220010,09622,BUT IT CAN DO SO MUCH MORE THAN THAT,BIT IT CAN DO SO MUCH MORE THAN THAT,BUT IN CAN DO SO MUCH MORE THAN THAT,0,BUT,BIT,AH->IH@1,1,IT,IN,T->N@1,0.0,0.04,0.0,0.121,0.601,0.762,0.202,0.263,yes,no,3,6
R0160,096220012,09622,HE CLOSED HIS EYES AS HE WALKED,HE CLOSED HIS E.'S AS HE WALKED,HE CLOSED HIS EYES IS HE WALKED,3,EYES,E.'S,AY->IY@0,4,AS,IS,AE->IH@0,6.268,6.649,0.71,0.953,7.27,7.51,1.055,1.116,yes,yes,3,3
R0161,096220013,09622,I ASKED IF THEY WERE IN A FIGHT OR SOMETHING,I ASKED IF THEY WERE IN A FIT OR SOMETHING,I ASKED IF THE WERE IN A FIGHT OR SOMETHING,7,FIGHT,FIT,AY->IH@1,3,THEY,THE,EY->AH@1,5.092,5.734,1.047,1.249,3.809,4.05,0.644,0.745,yes,yes,3,4
R0162,096220015,09622,HE PUT HER DOWN AND PATTED HER ON THE HEAD,HE PUT HER DONE AND PATTED HER ON THE HEAD,HE PUT HER DOWN AND PATTED HER IN THE HEAD,3,DOWN,DONE,AW->AH@1,7,ON,IN,AH->IH@0,3.145,3.445,0.463,0.665,6.59,6.69,1.451,1.511,yes,yes,3,3
R0163,096220016,09622,WE WOULD HAVE TO FIND SOME WAY OF HIDING IT,WE WOULD HAVE TO FIND SAME WAY OF HIDING IT,WE WOULD HAVE TO FIND SOME WAY OF HIDING IN,5,SOME,SAME,AH->EY@1,9,IT,IN,T->N@1,4.469,5.211,0.929,1.111,9.239,9.259,2.383,2.403,yes,no,3,4
R0164,096220019,09622,BUT LOOK AT YOU TWO,BIT LOOK AT YOU TWO,BUT LOOK IT YOU TWO,0,BUT,BIT,AH->IH@1,2,AT,IT,AE->IH@0,0.0,0.04,0.0,0.141,1.846,2.207,0.442,0.503,yes,no,3,4
R0165,096220020,09622,WHAT WAS HE LIKE IN PERSON,WAIT WAS HE LIKE IN PERSON,WHAT WAS HE LIKE IT PERSON,0,WHAT,WAIT,AH->EY@1,4,IN,IT,N->T@1,0.0,0.741,0.0,0.162,3.465,3.805,0.689,0.75,yes,yes,3,5
R0166,096230001,09623,HE LOOKED AT ME AND SMILED AND I SMILED BACK,HE LOOKED AT MY AND SMILED AND I SMILED BACK,HE LOOKED IT ME AND SMILED AND I SMILED BACK,3,ME,MY,IY->AY@1,2,AT,IT,AE->IH@0,3.927,4.107,0.583,0.684,2.204,3.146,0.462,0.503,yes,yes,3,4
R0167,096230005,09623,THIS WAS WHERE SHE HAD LEFT THEM,THIS WAS WHERE SHE HAD LIFT THEM,THIS WAS WHEN SHE HAD LEFT THEM,5,LEFT,LIFT,EH->IH@1,2,WHERE,WHEN,R->N@2,4.955,5.376,1.108,1.39,2.487,3.611,0.443,0.665,yes,yes,5,6
R0168,096230009,09623,I COULD NOW SEE INTO HIS FACE,I COULD NO SEE INTO HIS FACE,I COULD NOW SEE INTO HAS FACE,2,NOW,NO,AW->OW@1,5,HIS,HAS,IH->AE@1,1.806,2.588,0.384,0.485,6.261,6.842,1.212,1.333,yes,yes,3,5
R0169,096230012,09623,I LOOK DOWN AND KNOW THE MAN IS DEAD,I LOCK DOWN AND KNOW THE MAN IS DEAD,I LOOK DOWN AND KNOW THE MAN IS SAID,1,LOOK,LOCK,UH->AA@1,8,DEAD,SAID,D->S@0,0.682,1.183,0.18,0.341,6.014,6.074,1.584,1.985,yes,yes,3,5
R0170,096230013,09623,HOW LONG WAS HE GOING TO BE HERE,HO LONG WAS HE GOING TO BE HERE,HOW LONG WAS HE GOING TO SEE HERE,0,HOW,HO,AW->OW@1,6,BE,SEE,B->S@0,0.0,0.641,0.0,0.121,4.93,5.191,1.049,1.109,yes,yes,3,3
R0171,096230015,09623,THEN SHE TURNED TO ALL OF US,THEN HE TURNED TO ALL OF US,THEN SHE LEARNED TO ALL OF US,1,SHE,HE,SH->HH@0,2,TURNED,LEARNED,T->L@0,1.364,1.745,0.263,0.364,1.886,2.768,0.425,0.648,yes,yes,3,5
R0172,096230016,09623,THAT WOULD MEAN THEY WOULD HAVE TO TAKE IT OVER,THAT WOULD MAN THEY WOULD HAVE TO TAKE IT OVER,THAT WOULD MEAN THE WOULD HAVE TO TAKE IT OVER,2,MEAN,MAN,IY->AE@1,3,THEY,THE,EY->AH@1,2.963,3.664,0.485,0.687,3.764,4.185,0.747,0.848,yes,yes,3,3
R0173,096230017,09623,I WAS TIRED AND HAD OTHER THINGS ON MY MIND,ER WAS TIRED AND HAD OTHER THINGS ON MY MIND,I WAS TIRED AND HAD OTHER THINGS ON ME MIND,0,I,ER,AY->ER@0,8,MY,ME,AY->IY@1,,,0.0,0.121,7.553,8.574,1.678,1.759,yes,no,3,4
R0174,096230018,09623,WE MUST THINK OF THE GOOD AND NOT THE EVIL,WE MUST THINK OF THE GOD AND NOT THE EVIL,WE MUST THINK UP THE GOOD AND NOT THE EVIL,5,GOOD,GOD,UH->AA@1,3,OF,UP,V->P@1,4.564,4.905,0.85,1.052,2.883,3.103,0.647,0.688,yes,yes,3,5
R0175,096230020,09623,HE PUT HIS HAND ON THE KNOB AND OPENED IT,HER PUT HIS HAND ON THE KNOB AND OPENED IT,HE PUT HAS HAND ON THE KNOB AND OPENED IT,0,HE,HER,IY->ER@1,2,HIS,HAS,IH->AE@1,0.0,1.181,0.0,0.121,2.362,3.342,0.343,0.444,yes,yes,3,4
R0176,096240001,09624,SHE WAS NEVER THE SAME,SHE WAS NEVER THE SOME,SHE ONE NEVER THE SAME,4,SAME,SOME,EY->AH@1,1,WAS,ONE,Z->N@2,3.09,3.15,0.633,1.184,0.963,1.264,0.143,0.225,yes,yes,3,7
R0177,096240003,09624,HE JUST TURNED AND LEFT,HE JUST TURNED AND LIFT,SEE JUST TURNED AND LEFT,4,LEFT,LIFT,EH->IH@1,0,HE,SEE,HH->S@0,3.318,4.444,0.908,1.312,0.0,0.824,0.0,0.141,yes,yes,5,5
R0178,096240006,09624,THE PEOPLE BEHIND ME WERE NOT GOING TO LET UP,THE PEOPLE BEHIND ME WERE NOT GOING THE LET UP,THE PEOPLE BEHIND SEE WERE NOT GOING TO LET UP,7,TO,THE,T->DH@0;UW->AH@1,3,ME,SEE,M->S@0,6.02,6.06,1.577,1.678,4.214,4.435,0.869,0.93,yes,no,3,5
R0179,096240010,09624,THE END OF HER TIME WITH HER FRIENDS,THE END OF HER TEAM WITH HER FRIENDS,THE END OF HER TIME WILL HER FRIENDS,4,TIME,TEAM,AY->IY@1,5,WITH,WILL,DH->L@2,2.683,3.063,0.606,0.888,3.123,3.524,0.929,1.03,yes,yes,3,3
R0180,096240017,09624,I PUT MY HAND IN FRONT OF HER,I PETE MY HAND IN FRONT OF HER,I PUT MY HAND IT FRONT OF HER,1,PUT,PETE,UH->IY@1,4,IN,IT,N->T@1,0.882,1.082,0.202,0.343,3.267,3.448,0.869,0.929,yes,yes,3,4
R0181,096250002,09625,SHE TURNED AROUND AND LOOKED HIM IN THE EYES,SHE TURNED AROUND BUT LOOKED HIM IN THE EYES,SHE TURNED AROUND AND LOOKED HIM IT THE EYES,3,AND,BUT,AE->B@0;N->AH@1;D->T@2,6,IN,IT,N->T@1,2.543,3.123,0.766,0.846,4.485,4.625,1.269,1.31,yes,yes,2,4
R0182,096250003,09625,IT WAS ALL HE COULD DO,IT WAS ALL SHE COULD DO,IT WAS OR HE COULD DO,3,HE,SHE,HH->SH@0,2,ALL,OR,L->R@1,1.628,2.01,0.844,0.924,0.864,1.467,0.683,0.804,yes,yes,3,5
R0183,096250004,09625,THEY WOULD NOT KNOW IT,THE WOULD NOT KNOW IT,THEY WOULD NOT KNOW IN,0,THEY,THE,EY->AH@1,4,IT,IN,T->N@1,0.0,1.184,0.0,0.141,3.15,3.17,1.245,1.266,yes,no,3,3
R0184,096250007,09625,BUT OF ONE THING SHE IS SURE,BUT OF ONE THING HE IS SURE,BUT OF WHAT THING SHE IS SURE,4,SHE,HE,SH->HH@0,2,ONE,WHAT,N->T@2,3.609,3.87,0.868,1.009,1.624,1.784,0.303,0.464,yes,yes,3,5
R0185,096250008,09625,YOU HAVE A GIRL WITH YOU,YOU HAS A GIRL WITH YOU,,1,HAVE,HAS,V->Z@2,,,,,0.924,1.265,0.162,0.283,,,,,no,yes,3,3
R0186,096250009,09625,THIS WAS WHAT THEY WERE LOOKING FOR,THIS WAS WHAT THEY IS LOOKING FOR,THIS WAS WHAT THE WERE LOOKING FOR,4,WERE,IS,W->IH@0;ER->Z@1,3,THEY,THE,EY->AH@1,2.753,3.034,0.705,0.786,1.929,2.673,0.585,0.685,yes,yes,2,4
R0187,096250012,09625,AND HE WAS STILL THAT LITTLE BOY,AND SHE WAS STILL THAT LITTLE BOY,AND HE WAS STILL THAT LITTLE BE,1,HE,SHE,HH->SH@0,6,BOY,BE,OY->IY@1,1.161,1.442,0.181,0.241,4.926,4.966,1.446,1.486,yes,no,3,4
R0188,096250013,09625,I HAD NO WHERE ELSE TO GO,I HAVE NO WHERE ELSE TO GO,I HAD NO WHERE ELSE TO SO,1,HAD,HAVE,D->V@2,6,GO,SO,G->S@0,0.863,1.224,0.201,0.361,4.815,4.835,1.605,1.625,yes,no,3,5
R0189,096250015,09625,HE ASKED ALL OF US,SHE ASKED ALL OF US,HE ASKED OR OF US,0,HE,SHE,HH->SH@0,2,ALL,OR,L->R@1,0.0,0.02,0.0,0.142,2.269,2.751,0.649,0.75,yes,no,3,4
R0190,096250016,09625,I JUST HAD A LONG DAY,I JUST HAVE A LONG DAY,I JUST HAD A LONG SAY,2,HAD,HAVE,D->V@2,5,DAY,SAY,D->S@0,2.25,2.592,0.467,0.61,4.681,4.721,0.996,1.463,yes,no,3,5
R0191,096250017,09625,NO ONE WAS IN THE ROOM,NO ONE WAS 'N THE ROOM,NO WHAT WAS IN THE ROOM,3,IN,'N,IH->AH@0,1,ONE,WHAT,N->T@2,2.506,2.566,0.663,0.703,1.544,2.105,0.301,0.442,yes,yes,3,3
R0192,096250018,09625,HE LOOKED TO HIS SIDE AND SMILED,SHE LOOKED TO HIS SIDE AND SMILED,HE LOOKED TO HIS SIDE END SMILED,0,HE,SHE,HH->SH@0,5,AND,END,AE->EH@0,0.0,0.984,0.0,0.142,3.775,4.016,1.073,1.154,yes,yes,3,4
R0193,096250020,09625,HOW MUCH WOULD THEY KNOW OF WHAT HAD HAPPENED,HOW MUCH WILL THEY KNOW OF WHAT HAD HAPPENED,HE MUCH WOULD THEY KNOW OF WHAT HAD HAPPENED,2,WOULD,WILL,AH->IH@1;D->L@2,0,HOW,HE,AW->IY@1,1.403,2.004,0.364,0.505,0.0,0.601,0.0,0.121,yes,yes,3,5
R0194,096250021,09625,SO ENJOY AND TELL ME WHAT YOU THINK OF IT,SO ENJOY AND TELL ME THAT YOU THINK OF IT,SO ENJOY AND TELL ME WHAT TO THINK OF IT,5,WHAT,THAT,W->DH@0;AH->AE@1,6,YOU,TO,Y->T@0,4.445,4.785,1.048,1.169,5.105,5.306,1.21,1.31,yes,yes,3,3
R0195,096250023,09625,THEN SHE TURNED TO HIM,THAT SHE TURNED TO HIM,THEN SHE TURNED DO HIM,0,THEN,THAT,EH->AE@1;N->T@2,3,TO,DO,T->D@0,0.0,0.884,0.0,0.204,2.089,2.511,0.754,0.835,yes,yes,3,4
R0196,096260003,09626,IT WAS JUST YOU LAST TIME,IT WAS JUST YA LAST TIME,,3,YOU,YA,UW->AA@1,,,,,5.218,5.338,0.907,0.988,,,,,no,yes,3,3
R0197,096260004,09626,THERE IS NO WAY I CAN GET BY THIS,THERE IS NA WAY I CAN GET BY THIS,THERE IS NO WAY I CAN GET BE THIS,2,NO,NA,OW->AA@1,7,BY,BE,AY->IY@1,1.122,1.442,0.324,0.405,5.228,5.328,1.195,1.296,yes,yes,3,4
R0198,096260005,09626,BUT HOW WOULD THEY GO ABOUT IT,BUT HOW WOULD THE GO ABOUT IT,BUT HE WOULD THEY GO ABOUT IT,3,THEY,THE,EY->AH@1,1,HOW,HE,AW->IY@1,1.966,3.17,0.524,0.605,0.482,0.783,0.161,0.302,yes,yes,3,5
R0199,096260007,09626,YOU ARE GOING TO HAVE TO COME WITH US NOW,YOU ARE GOING TO HAVE TO CAME WITH US NOW,YOU ARE GOING TO HAVE TO COME WITH UP NOW,6,COME,CAME,AH->EY@1,8,US,UP,S->P@1,4.507,5.148,1.006,1.167,6.651,6.831,1.489,1.59,yes,yes,3,4
R0200,096260012,09626,HE STILL COULD NOT SEE ANYTHING,HE STILL CODE NOT SEE ANYTHING,SEE STILL COULD NOT SEE ANYTHING,2,COULD,CODE,UH->OW@1,0,HE,SEE,HH->S@0,2.586,2.967,0.523,0.664,0.0,0.02,0.0,0.141,yes,no,3,5
R0201,096260013,09626,WE HAD TO MAKE IT,WERE HAD TO MAKE IT,WE HAD TO TAKE IT,0,WE,WERE,IY->ER@1,3,MAKE,TAKE,M->T@0,0.0,0.983,0.0,0.142,2.708,3.129,0.425,0.728,yes,yes,3,3
R0202,096260016,09626,I HAD TO FIND A DIFFERENT BACK DOOR,I HAS TO FIND A DIFFERENT BACK DOOR,I HAD TO FIND A DIFFERENT BACK LAW,1,HAD,HAS,D->Z@2,7,DOOR,LAW,D->L@0,0.341,1.243,0.203,0.344,8.122,8.202,1.337,1.742,yes,yes,3,3
R0203,096260017,09626,HE HAD NO IDEA WHAT PEOPLE WOULD SAY,HE HAD NO IDEA WET PEOPLE WOULD SAY,HE HAD SO IDEA WHAT PEOPLE WOULD SAY,4,WHAT,WET,AH->EH@1,2,NO,SO,N->S@0,4.945,5.165,1.027,1.148,2.322,2.422,0.362,0.463,yes,yes,3,4
R0204,096260019,09626,IT WAS TOO DARK TO SEE WHO IT WAS,IT WAS TOO MARK TO SEE WHO IT WAS,IT WAS TOO DARK TO SEE TO IT WAS,3,DARK,MARK,D->M@0,6,WHO,TO,HH->T@0,2.987,3.669,0.846,1.087,5.794,6.917,1.571,1.671,yes,yes,3,3
R0205,096260020,09626,THAT ALL I CAN EVER BE,WHAT ALL I CAN EVER BE,THAT OR I CAN EVER BE,0,THAT,WHAT,DH->W@0;AE->AH@1,1,ALL,OR,L->R@1,0.0,0.821,0.0,0.162,1.121,1.502,0.203,0.304,yes,yes,3,4
R0206,096280011,09628,YOU WILL HAND HIM OVER TO ME,YOU WILL HAND HIM OVER TO MY,YOU WILL HAND HIM OVER DO ME,6,ME,MY,IY->AY@1,5,TO,DO,T->D@0,7.062,7.082,1.361,1.382,5.457,5.858,0.975,1.097,yes,no,3,5
R0207,096280012,09628,HE WAS A GOOD MAN THOUGH,HE WAS A GOD MAN THOUGH,HE WAS A GOOD CAN THOUGH,3,GOOD,GOD,UH->AA@1,4,MAN,CAN,M->K@0,2.028,2.912,0.344,0.506,3.273,3.655,0.566,0.748,yes,yes,3,3
R0208,096280015,09628,I WANTED TO SEE WHO SHE WAS,I WANTED TO SEE WHO HE WAS,,5,SHE,HE,SH->HH@0,,,,,6.516,7.659,1.085,1.205,,,,,no,yes,3,3
R0209,096280018,09628,THIS WAS NOT RIGHT NOT RIGHT AT ALL,KISS WAS NOT RIGHT NOT RIGHT AT ALL,THIS WAS NOT RIGHT NOT RIGHT IT ALL,0,THIS,KISS,DH->K@0,6,AT,IT,AE->IH@0,0.0,0.822,0.0,0.201,5.475,6.357,1.468,1.508,yes,yes,3,3
R0210,096280021,09628,I SAW AT ONCE HOW IT WAS,I SEE AT ONCE HOW IT WAS,I SAW AT ONCE HOW IN WAS,1,SAW,SEE,AO->IY@1,5,IT,IN,T->N@1,0.702,0.923,0.202,0.323,4.215,4.355,0.95,1.092,yes,yes,3,3
R0211,096280027,09628,NOW THAT HE HAD THE TIME,NOW THAT HE HAD THE TEAM,NOW THAT HE HEAD THE TIME,5,TIME,TEAM,AY->IY@1,3,HAD,HEAD,AE->EH@1,4.272,4.733,0.765,1.289,2.427,2.788,0.524,0.624,yes,yes,3,3
R0212,096280028,09628,BUT WHAT ELSE AM I TO DO,BUT WHAT ELSE AM I TO DA,BIT WHAT ELSE AM I TO DO,6,DO,DA,UW->AA@1,0,BUT,BIT,AH->IH@1,6.003,6.023,1.419,1.44,0.0,0.683,0.0,0.162,yes,no,3,4
R0213,096290004,09629,SHE SMILED AT THE TIME,SHE SMILED AT THE TEAM,SHE SMILED IT THE TIME,4,TIME,TEAM,AY->IY@1,2,AT,IT,AE->IH@0,5.534,5.594,1.31,1.37,2.767,3.629,0.604,0.645,yes,yes,3,3
R0214,096290007,09629,THERE WAS ONE RIGHT IN FRONT OF ME,THERE WAS ONE RATE IN FRONT OF ME,THERE WAS ONE RIGHT IT FRONT OF ME,3,RIGHT,RATE,AY->EY@1,4,IN,IT,N->T@1,4.169,5.552,0.563,0.764,5.633,6.434,0.824,0.885,yes,yes,3,3
R0215,096290011,09629,I CAN GET HER BACK,I CAN GET HER BUCK,I CAN GET HE BACK,4,BACK,BUCK,AE->AH@1,3,HER,HE,ER->IY@1,4.588,4.648,0.676,1.045,2.645,3.125,0.553,0.635,yes,yes,3,6
R0216,096290012,09629,THE BOY LOOKED FROM THE HAND TO HER,THE BOY LOCKED FROM THE HAND TO HER,THE BOY LOOKED FROM THE HAND TO HE,2,LOOKED,LOCKED,UH->AA@1,7,HER,HE,ER->IY@1,1.905,2.166,0.323,0.546,7.04,7.08,1.273,1.556,yes,no,5,6
R0217,096290016,09629,I MADE IT TO HER HOUSE,I MUD IT TO HER HOUSE,I MADE IN TO HER HOUSE,1,MADE,MUD,EY->AH@1,2,IT,IN,T->N@1,0.841,1.362,0.182,0.525,1.903,2.003,0.566,0.627,yes,yes,3,5
R0218,096290021,09629,AND THE FIRST THOUGH IN MY HEAD WAS,AND THE FIRST SAW IN MY HEAD WAS,AND THE FIRST THOUGH IT MY HEAD WAS,3,THOUGH,SAW,DH->S@0;OW->AO@1,4,IN,IT,N->T@1,3.227,3.388,0.526,0.687,3.688,3.809,0.708,0.748,yes,yes,2,6
R0219,096290023,09629,IT WAS NOT YET TIME,IT WAS NOT YET TEAM,IN WAS NOT YET TIME,4,TIME,TEAM,AY->IY@1,0,IT,IN,T->N@1,3.594,4.919,1.623,1.683,0.0,0.02,0.0,0.183,yes,no,3,5
R0220,096300006,09630,SHE SMILED AND WALKED WITH HIM,SHE SMILED BUT WALKED WITH HIM,SHE SMILED AND WALKED WILL HIM,2,AND,BUT,AE->B@0;N->AH@1;D->T@2,4,WITH,WILL,DH->L@2,2.447,2.567,0.622,0.702,3.41,3.63,1.064,1.264,yes,yes,3,5
R0221,096300011,09630,I SAW YOU TAKE THEM,I SEE YOU TAKE THEM,I SAW TO TAKE THEM,1,SAW,SEE,AO->IY@1,2,YOU,TO,Y->T@0,0.705,0.846,0.202,0.363,1.47,1.611,0.423,0.524,yes,yes,3,4
R0222,096300013,09630,THAT IS THEY WOULD IF I HAD ANY FRIENDS,WHAT IS THEY WOULD IF I HAD ANY FRIENDS,THAT IS THE WOULD IF I HAD ANY FRIENDS,0,THAT,WHAT,DH->W@0;AE->AH@1,2,THEY,THE,EY->AH@1,0.0,0.763,0.0,0.181,1.988,2.169,0.342,0.443,yes,yes,3,3
R0223,096300017,09630,AND IT JUST MIGHT BE,BUT IT JUST MIGHT BE,AND IN JUST MIGHT BE,0,AND,BUT,AE->B@0;N->AH@1;D->T@2,1,IT,IN,T->N@1,0.0,0.04,0.0,0.141,1.707,2.049,0.201,0.282,yes,no,2,6
R0224,096300019,09630,HE LOOKED AWAY FROM IT,SHE LOOKED AWAY FROM IT,HE LOOKED AWAY FROM IN,0,HE,SHE,HH->SH@0,4,IT,IN,T->N@1,0.0,0.764,0.0,0.142,3.416,3.436,1.315,1.335,yes,no,3,3
R0225,096310007,09631,BUT THE EYES WERE RIGHT,BUT THE E.'S WERE RIGHT,BUT THE EYES WE RIGHT,2,EYES,E.'S,AY->IY@0,3,WERE,WE,ER->IY@1,1.524,1.885,0.304,0.547,1.965,2.326,0.608,0.73,yes,yes,3,6
R0226,096310011,09631,HE ALWAYS SAW IF SHE WANTED HIM NOT TO,HE ALWAYS SEE IF SHE WANTED HIM NOT TO,HE ALWAYS SAW IN SHE WANTED HIM NOT TO,2,SAW,SEE,AO->IY@1,3,IF,IN,F->N@1,2.302,2.582,0.606,0.869,3.062,3.142,0.99,1.071,yes,yes,3,5
R0227,096310013,09631,WHAT WOULD THEY BE LIKE TO WORK WITH,WHAT WOULD THEY BE LIKE TO WORK WET,ONE WOULD THEY BE LIKE TO WORK WITH,7,WITH,WET,IH->EH@1;TH->T@2,0,WHAT,ONE,T->N@2,3.79,4.713,1.298,1.683,0.0,0.682,0.0,0.162,yes,yes,3,4
R0228,096310016,09631,THAT WAS AS MUCH AS HE WOULD GIVE HER,THAT WAS AS MUCH AS HER WOULD GIVE HER,THAT WAS IS MUCH AS HE WOULD GIVE HER,5,HE,HER,IY->ER@1,2,AS,IS,AE->IH@0,3.411,3.652,1.006,1.046,1.625,1.705,0.463,0.543,yes,yes,3,6
R0229,096310018,09631,I THINK IT WILL DO US ALL SOME GOOD,I THINK IT WILL DO 'S ALL SOME GOOD,I THINK IT WILL DO US OR SOME GOOD,5,US,'S,AH->EH@0,6,ALL,OR,L->R@1,3.473,3.533,1.188,1.288,3.694,4.015,1.409,1.55,yes,yes,3,3
R0230,096310019,09631,THE THING HAD COME AND SO IT MUST BE,THE THING HAD COME AND SO IT MOST BE,THE THING HAD COME AND SO IN MUST BE,7,MUST,MOST,AH->OW@1,6,IT,IN,T->N@1,3.174,3.615,1.536,1.718,2.953,3.053,1.293,1.475,yes,yes,5,7
R0231,096330005,09633,I WILL FIND THEM FOR YOU,I WOULD FIND THEM FOR YOU,I WILL FIND THEM FOR TO,1,WILL,WOULD,IH->UH@1;L->D@2,5,YOU,TO,Y->T@0,0.944,1.205,0.162,0.324,4.018,4.781,0.951,1.254,yes,yes,3,3
R0232,096330008,09633,YOU NEED TO COME WITH ME,YOU NEED TO CAME WITH ME,YOU NEED TO COME WILL ME,3,COME,CAME,AH->EY@1,4,WITH,WILL,DH->L@2,3.63,4.252,0.467,0.61,4.312,4.533,0.65,0.792,yes,yes,3,7
R0233,096330009,09633,I WOULD NEVER HAVE LEFT,I WOULD NEVER HAD LEFT,I COULD NEVER HAVE LEFT,3,HAVE,HAD,V->D@2,1,WOULD,COULD,W->K@0,2.891,3.332,0.592,0.715,1.064,1.486,0.163,0.306,yes,yes,3,7
R0234,096330010,09633,THEY HAD TO GET OUT OF THERE,THEY HAVE TO GET OUT OF THERE,THE HAD TO GET OUT OF THERE,1,HAD,HAVE,D->V@2,0,THEY,THE,EY->AH@1,0.965,1.326,0.204,0.305,0.0,0.864,0.0,0.143,yes,yes,3,7
R0235,096330012,09633,WE WERE THE SAME I OPENED MY EYES,THEY WERE THE SAME I OPENED MY EYES,WE WERE THE SAME I OPENED ME EYES,0,WE,THEY,W->DH@0;IY->EY@1,6,MY,ME,AY->IY@1,0.0,0.02,0.0,0.1,4.053,4.274,1.084,1.184,yes,no,2,6
R0236,096330013,09633,BUT HOW CAN SHE TELL WHO IT WAS,BUT HOW CAN SHE TOLL WHO IT WAS,BUT HOW CAN SHE TELL TO IT WAS,4,TELL,TOLL,EH->OW@1,5,WHO,TO,HH->T@0,3.386,3.586,0.565,0.727,4.107,4.507,0.787,0.888,yes,yes,3,6
R0237,096330015,09633,THE GIRL WALKED IN AND LOOKED AROUND,THE GOAL WALKED IN AND LOOKED AROUND,THE GIRL WALKED IT AND LOOKED AROUND,1,GIRL,GOAL,ER->OW@1,3,IN,IT,N->T@1,0.824,1.246,0.162,0.324,1.908,2.049,0.77,0.83,yes,yes,3,4
R0238,096330016,09633,HE WAS ALWAYS UP TO NO GOOD,SHE WAS ALWAYS UP TO NO GOOD,HE WAS ALWAYS UP TO SO GOOD,0,HE,SHE,HH->SH@0,5,NO,SO,N->S@0,0.0,1.003,0.0,0.102,4.574,5.276,0.955,1.057,yes,yes,3,5
R0239,096330018,09633,THAT DAY WAS THE FIRST TIME I SAW HIM,THAT DAY WAS THE FIRST TIME I SEE HIM,THAT DAY ONE THE FIRST TIME I SAW HIM,7,SAW,SEE,AO->IY@1,2,WAS,ONE,Z->N@2,5.311,6.013,1.511,1.693,1.864,2.345,0.584,0.726,yes,yes,3,7
R0240,096330020,09633,BUT THEN AGAIN THIS WAS HER HOUSE,BUT THEM AGAIN THIS WAS HER HOUSE,BIT THEN AGAIN THIS WAS HER HOUSE,1,THEN,THEM,N->M@2,0,BUT,BIT,AH->IH@1,1.846,2.127,0.141,0.242,0.0,0.843,0.0,0.121,yes,yes,3,3
R0241,096330021,09633,HE WAS NOT HARD TO SEE FROM WHERE SHE WAS,SHE WAS NOT HARD TO SEE FROM WHERE SHE WAS,HE WAS NOT HARD TO SEE FROM WHEN SHE WAS,0,HE,SHE,HH->SH@0,7,WHERE,WHEN,R->N@2,0.0,0.02,0.0,0.101,6.13,6.511,1.351,1.553,yes,no,3,4
R0242,096330022,09633,I DO LOVE YOU AND I CAN MAKE THINGS RIGHT,I DO LOVE YOU AND I CAN MADE THINGS RIGHT,I DO LEAVE YOU AND I CAN MAKE THINGS RIGHT,7,MAKE,MADE,K->D@2,2,LOVE,LEAVE,AH->IY@1,4.794,5.115,1.234,1.376,1.384,1.765,0.344,0.526,yes,yes,3,5
R0243,096340006,09634,THAT HAD TO BE IT THEN,THAT HAD TO D IT THEN,THAT HAD TO BE IT THEIR,3,BE,D,B->D@0,5,THEN,THEIR,N->R@2,3.323,3.864,0.486,0.85,6.246,6.306,1.153,1.335,yes,yes,3,3
R0244,096340008,09634,HE WILL WANT ME JUST FOR ME,HA WILL WANT ME JUST FOR ME,HE WILL WANT ME JUST LAW ME,0,HE,HA,IY->AA@1,5,FOR,LAW,F->L@0,0.0,0.782,0.0,0.121,5.477,5.838,0.908,1.009,yes,yes,3,5
R0245,096340010,09634,AND I LIKE HER EYES,AND I LOCK HER EYES,AND I LIKE HE EYES,2,LIKE,LOCK,AY->AA@1,3,HER,HE,ER->IY@1,2.989,3.491,0.343,0.504,4.654,5.075,0.525,0.625,yes,yes,3,4
R0246,096340011,09634,BUT HERE NOW HE REALLY WAS,BUT HERE NO HE REALLY WAS,,2,NOW,NO,AW->OW@1,,,,,2.845,3.065,0.422,0.543,,,,,no,yes,3,4
R0247,096340013,09634,YOU ASKED TO SEE IT,YOU ASKED TO SA IT,,3,SEE,SA,IY->AA@1,,,,,4.214,4.675,0.745,1.328,,,,,no,yes,3,4
R0248,096340016,09634,BUT HOW ARE YOU GOING TO HELP IT,BEAT HOW ARE YOU GOING TO HELP IT,BUT HOW ARE TO GOING TO HELP IT,0,BUT,BEAT,AH->IY@1,3,YOU,TO,Y->T@0,0.0,0.04,0.0,0.121,3.089,3.289,0.425,0.486,yes,no,3,4
R0249,096340017,09634,HE WALKED OVER TO THE DOOR AND OPENED IT,HUH WALKED OVER TO THE DOOR AND OPENED IT,,0,HE,HUH,IY->AH@1,,,,,0.0,0.02,0.0,0.121,,,,,no,no,3,5
R0250,096340019,09634,I LOOKED AROUND BUT I STILL FOUND NO ONE,AH LOOKED AROUND BUT I STILL FOUND NO ONE,I LOOKED AROUND BUT I STILL FOUND SO ONE,0,I,AH,AY->AA@0,7,NO,SO,N->S@0,,,0.0,0.101,8.613,8.753,1.511,1.652,yes,no,3,4
R0251,096340020,09634,I KNOW THAT THEY WILL NOT LET ME DOWN,I KNOW THAT THEY WOULD NOT LET ME DOWN,I SO THAT THEY WILL NOT LET ME DOWN,4,WILL,WOULD,IH->UH@1;L->D@2,1,KNOW,SO,N->S@0,3.825,3.965,0.544,0.665,0.02,0.1,0.161,0.282,yes,yes,3,5
R0252,096340022,09634,I NEVER SAW HIM LOOKING LIKE THAT,OH NEVER SAW HIM LOOKING LIKE THAT,,0,I,OH,AY->OW@0,,,,,,,0.0,0.122,,,,,no,no,3,3
R0253,096340023,09634,WE HAVE TO DO SOMETHING WITH HIM,WE HAD TO DO SOMETHING WITH HIM,WE HAVE DO DO SOMETHING WITH HIM,1,HAVE,HAD,V->D@2,2,TO,DO,T->D@0,0.862,1.343,0.202,0.364,1.464,2.025,0.405,0.486,yes,yes,3,5
R0254,096350008,09635,IT SHOULD AS HE WAS ONE AFTER ALL,IT SHOULD AS HER WAS ONE AFTER ALL,IN SHOULD AS HE WAS ONE AFTER ALL,3,HE,HER,IY->ER@1,0,IT,IN,T->N@1,2.328,2.669,1.044,1.084,0.0,0.02,0.0,0.422,yes,no,3,5
R0255,096350009,09635,AND SHE WAS THE ONLY PERSON LEFT,AND SHE WAS THE ONLY PERSON LIFT,AND SHE ONE THE ONLY PERSON LEFT,6,LEFT,LIFT,EH->IH@1,2,WAS,ONE,Z->N@2,6.525,6.585,1.325,1.707,1.441,1.721,0.361,0.462,yes,yes,5,3
R0256,096350010,09635,THE OTHER AT THE BACK OF HIS HEAD,THE OTHER AT THE BACK OF HIS HEARD,THE OTHER IT THE BACK OF HIS HEAD,7,HEAD,HEARD,EH->ER@1,2,AT,IT,AE->IH@0,10.537,10.597,1.105,1.486,2.204,2.544,0.382,0.442,yes,yes,3,5
R0257,096350011,09635,I WILL FIND OUT WHAT WAS GOING ON,I WILL FIND OUT WHAT WAS GOING OWN,I WILL FIND OUT WHAT WAS KNOWING ON,7,ON,OWN,AH->OW@0,6,GOING,KNOWING,G->N@0,9.516,9.536,1.814,1.834,7.172,7.633,1.089,1.31,yes,no,3,5
R0258,096350013,09635,IT MADE ME WANT TO GET AWAY FROM HIM,IT MAD ME WANT TO GET AWAY FROM HIM,IN MADE ME WANT TO GET AWAY FROM HIM,1,MADE,MAD,EY->AE@1,0,IT,IN,T->N@1,1.263,1.723,0.562,0.742,0.0,0.02,0.0,0.201,yes,no,3,4
R0259,096350015,09635,IF IT BE SO I HAD BETTER GO,IF IT BE SO I HAD BITTER GO,IN IT BE SO I HAD BETTER GO,6,BETTER,BITTER,EH->IH@1,0,IF,IN,F->N@1,4.493,5.917,1.151,1.373,0.0,0.02,0.0,0.141,yes,no,5,6
R0260,096350016,09635,I PUT THEM ON AND I SAW WHERE WE WERE,I PUT THEM ON AND I SEE WHERE WE WERE,I PUT THEM IN AND I SAW WHERE WE WERE,6,SAW,SEE,AO->IY@1,3,ON,IN,AH->IH@0,3.402,4.023,0.963,1.164,1.701,2.542,0.542,0.642,yes,yes,3,7
R0261,096390001,09639,I WAS BACK IN THE ROOM,I WAS BAD IN THE ROOM,I WAS BACK IT THE ROOM,2,BACK,BAD,K->D@2,3,IN,IT,N->T@1,1.205,1.546,0.324,0.507,1.607,1.727,0.547,0.588,yes,yes,3,6
R0262,096390020,09639,HE HAD NOTHING ELSE HE WANTED TO DO OUT HERE,HE HAD NOTHING ELSE HE WANTED TO DO OUT HELL,HE HAD NOTHING ELSE HE WANTED TO DO IT HERE,9,HERE,HELL,IH->EH@1;AH->L@2,8,OUT,IT,AW->IH@0,4.686,4.746,1.812,2.194,3.665,3.805,1.631,1.751,yes,yes,3,3
R0263,096400001,09640,WAS IT POSSIBLE TO INTERPRET THEM TO ANY USEFUL PURPOSE,WHAT IT POSSIBLE TO INTERPRET THEM TO ANY USEFUL PURPOSE,WAS IT POSSIBLE TO INTERPRET SOME TO ANY USEFUL PURPOSE,0,WAS,WHAT,Z->T@2,5,THEM,SOME,DH->S@0,0.0,0.04,0.0,0.161,3.242,4.043,1.647,1.767,yes,no,3,3
R0264,096400006,09640,THE RECEIVER HAD NOT SUFFERED AT ALL,THE RECEIVER HAVE NOT SUFFERED AT ALL,THE RECEIVER HAD NOT SUFFERED IT ALL,2,HAD,HAVE,D->V@2,5,AT,IT,AE->IH@0,1.89,2.151,0.605,0.726,4.021,4.242,1.533,1.694,yes,yes,3,3
R0265,096400019,09640,THAT'S WHY WE BOTH PASSED OUT,WHAT'S WHY WE BOTH PASSED OUT,THAT'S WHY WE BOTH PASSED IT,0,THAT'S,WHAT'S,DH->W@0;AE->AH@1,5,OUT,IT,AW->IH@0,0.0,0.944,0.0,0.262,4.379,4.419,1.25,1.533,yes,no,3,3
R0266,096430005,09643,THE MACHINE MUST HAVE HELPED ME STAY AWAKE,THE MACHINE MUST HAVE HELPED MY STAY AWAKE,THE MACHINE MISSED HAVE HELPED ME STAY AWAKE,5,ME,MY,IY->AY@1,2,MUST,MISSED,AH->IH@1,7.569,8.631,1.234,1.315,2.964,3.504,0.587,0.749,yes,yes,3,4
R0267,096430012,09643,IT HAD VERY NEARLY COME,IT HAD VERY NEARLY CALM,,4,COME,CALM,AH->AA@1,,,,,6.067,7.629,1.364,1.846,,,,,no,yes,3,3
R0268,096430015,09643,MAYBE SOON BUT CERTAINLY NOT NOW,MAYBE SOON BUT CERTAINLY NOT NA,MAYBE SOON BIT CERTAINLY NOT NOW,5,NOW,NA,AW->AA@1,2,BUT,BIT,AH->IH@1,9.51,9.55,1.875,1.916,3.203,3.524,0.665,0.766,yes,no,3,5
R0269,096450006,09645,FINALLY SHE TURNED AND FACED HIM,FINALLY HE TURNED AND FACED HIM,FINALLY SHE TURNED END FACED HIM,1,SHE,HE,SH->HH@0,3,AND,END,AE->EH@0,1.265,1.607,0.422,0.542,2.39,2.791,0.924,1.004,yes,yes,3,4
R0270,096450014,09645,NOT THAT THERE'S ANYTHING WRONG WITH YOUR THING,NOT THIS THERE'S ANYTHING WRONG WITH YOUR THING,NOT THAT THERE'S ANYTHING WRONG WILL YOUR THING,1,THAT,THIS,AE->IH@1;T->S@2,5,WITH,WILL,DH->L@2,1.442,1.663,0.242,0.343,5.549,5.769,1.269,1.35,yes,yes,3,5
R0271,096450016,09645,DEATH ITSELF HAD COME WITHOUT PAIN,DEATH ITSELF HAS COME WITHOUT PAIN,,2,HAD,HAS,D->Z@2,,,,,2.544,2.864,0.687,0.808,,,,,no,yes,3,4
R0272,096460009,09646,SHE ALWAYS MAKE THEM MAD,SHE ALWAYS MAKE THEM MADE,SEE ALWAYS MAKE THEM MAD,4,MAD,MADE,AE->EY@1,0,SHE,SEE,SH->S@0,4.463,4.503,1.422,1.463,0.0,0.683,0.0,0.102,yes,no,3,4
R0273,096470004,09647,THIS WAS LIKE STRIKING THEIR FLAG,THIS WELL LIKE STRIKING THEIR FLAG,,1,WAS,WELL,AH->EH@1;Z->L@2,,,,,0.962,1.202,0.243,0.344,,,,,no,yes,3,4
R0274,096470014,09647,EXTREMELY LONG TIME NO WRITE,EXTREMELY LONG TIM NO WRITE,EXTREMELY LUCK TIME NO WRITE,2,TIME,TIM,AY->IH@1,1,LONG,LUCK,NG->K@2,2.208,2.348,1.006,1.228,1.425,1.867,0.724,0.926,yes,yes,3,3
R0275,096470015,09647,THE FIRST MAY BE THUS EXPLAINED,THE FACED MAY BE THUS EXPLAINED,THE FIRST MAY SEE THUS EXPLAINED,1,FIRST,FACED,ER->EY@1,3,BE,SEE,B->S@0,0.922,1.504,0.161,0.403,1.925,2.165,0.625,0.686,yes,yes,3,4
R0276,096470020,09647,MAYBE WE SHOULD GET SOME CAKE,MAYBE WE SHOULD GET SOME CAUGHT,MAYBE WE SHOULD GOT SOME CAKE,5,CAKE,CAUGHT,EY->AA@1;K->T@2,3,GET,GOT,EH->AA@1,4.804,4.864,1.204,1.625,2.653,2.995,0.763,0.903,yes,yes,3,6
R0277,096470022,09647,HER MIND STARTED FORGETTING EVERYTHING,HER MEANT STARTED FORGETTING EVERYTHING,,1,MIND,MEANT,AY->EH@1;D->T@3,,,,,1.126,1.468,0.161,0.362,,,,,no,yes,3,5
R0278,096490007,09649,THEY CLEARLY HAVE EVERYTHING THOUGHT THROUGH,THEY CLEARLY HAD EVERYTHING THOUGHT THROUGH,THE CLEARLY HAVE EVERYTHING THOUGHT THROUGH,2,HAVE,HAD,V->D@2,0,THEY,THE,EY->AH@1,2.927,4.692,0.607,0.728,0.0,1.403,0.0,0.162,yes,yes,3,4
R0279,096490009,09649,ONCE AGAIN HE HOPED IT WOULD LAST,ONCE AGAIN HUH HOPED IT WOULD LAST,ONCE AGAIN HE HOPED IT COULD LAST,2,HE,HUH,IY->AH@1,5,WOULD,COULD,W->K@0,1.244,1.966,0.626,0.706,4.313,4.734,1.413,1.554,yes,yes,3,3
R0280,096490020,09649,IT'S NOT FIRST PERSON NOW,IT'S NOT FIRST PERSON NO,,4,NOW,NO,AW->OW@1,,,,,3.925,3.965,1.55,1.591,,,,,no,no,3,4
